Nombre,Teléfono,Web actual,Punto crítico detectado,Análisis de mejoras,Nicho,Sub_Nicho
Pizzería Reyes,999 269 6569,wa.me,Solo link de WhatsApp en perfil.,Sitio web estructurado como embudo de ventas conectado a WhatsApp para perfilar el interés antes del contacto.,Alimentos y Bebidas,Comida Rápida/Informal
Taquería Progreso,999 906 4320,Ninguna,Sin sitio web (presencia basada solo en Maps).,Una Landing Page con SEO local permitiría captar tráfico orgánico de búsquedas en zonas aledañas y aumentar las conversiones.,Alimentos y Bebidas,Comida Rápida/Informal
Hamburguesas Díaz,999 988 5425,facebook.com,Solo página de Facebook desactualizada.,Web propia con botón directo a WhatsApp y mapa interactivo para captar clientes que hoy se perdían en distracciones de redes.,Alimentos y Bebidas,Comida Rápida/Informal
Hamburguesas Reyes,999 259 9858,Ninguna,No tiene sitio web propio ni redes optimizadas.,Catálogo de servicios y precios en web propia para facilitar la decisión de compra sin necesidad de contacto inicial.,Alimentos y Bebidas,Comida Rápida/Informal
Hamburguesas Maya 24/7,999 367 9163,Ninguna,Reseñas variables y falta de sitio web que dé confianza.,Una web profesional y herramientas de atención automática mejorarían la percepción de servicio y ayudarían a captar mejores testimonios.,Alimentos y Bebidas,Comida Rápida/Informal
Hamburguesas Xcanatún,999 722 8023,blogspot.com / wixsite,Dominio gratuito o en plataforma de terceros no optimizada.,Migrar a una web moderna con dominio propio (.com o .mx) y diseño responsive para aumentar dramáticamente la autoridad percibida.,Alimentos y Bebidas,Comida Rápida/Informal
Taquería Ramírez,999 505 2474,facebook.com,Solo página de Facebook desactualizada.,Web propia con botón directo a WhatsApp y mapa interactivo para captar clientes que hoy se perdían en distracciones de redes.,Alimentos y Bebidas,Comida Rápida/Informal
Taquería García Ginerés Plus,999 406 9775,instagram.com,Solo página de Instagram sin enlaces de reserva.,Portafolio de trabajos y agenda online en web propia para proyectar mayor nivel y automatizar las reservas de citas directas.,Alimentos y Bebidas,Comida Rápida/Informal
Taquería Chávez 24/7,999 478 6350,Ninguna,Sin sitio web ni sistema de reservas.,Agenda online interactiva 24/7 para permitir citas fuera de horario y reducir carga telefónica.,Alimentos y Bebidas,Comida Rápida/Informal
Pizzería Díaz,999 709 6587,Ninguna,No tiene sitio web propio ni redes optimizadas.,Catálogo de servicios y precios en web propia para facilitar la decisión de compra sin necesidad de contacto inicial.,Alimentos y Bebidas,Comida Rápida/Informal
Taquería Juárez y Asociados,999 134 1500,blogspot.com / wixsite,Dominio gratuito o en plataforma de terceros no optimizada.,Migrar a una web moderna con dominio propio (.com o .mx) y diseño responsive para aumentar dramáticamente la autoridad percibida.,Alimentos y Bebidas,Comida Rápida/Informal
Taquería Cen,999 116 1671,instagram.com,Solo página de Instagram sin enlaces de reserva.,Portafolio de trabajos y agenda online en web propia para proyectar mayor nivel y automatizar las reservas de citas directas.,Alimentos y Bebidas,Comida Rápida/Informal
Taquería Mérida,999 952 7008,wa.me,Solo link de WhatsApp en perfil.,Sitio web estructurado como embudo de ventas conectado a WhatsApp para perfilar el interés antes del contacto.,Alimentos y Bebidas,Comida Rápida/Informal
Pizzería Obregón,999 715 6034,wa.me,Solo link de WhatsApp en perfil.,Sitio web estructurado como embudo de ventas conectado a WhatsApp para perfilar el interés antes del contacto.,Alimentos y Bebidas,Comida Rápida/Informal
Pizzería Campestre,999 848 7091,Ninguna,Sin sitio web (presencia basada solo en Maps).,Una Landing Page con SEO local permitiría captar tráfico orgánico de búsquedas en zonas aledañas y aumentar las conversiones.,Alimentos y Bebidas,Comida Rápida/Informal
Taquería Treviño,999 861 8919,wa.me,Solo link de WhatsApp en perfil.,Sitio web estructurado como embudo de ventas conectado a WhatsApp para perfilar el interés antes del contacto.,Alimentos y Bebidas,Comida Rápida/Informal
Hamburguesas Martínez Center,999 670 9509,facebook.com,Solo página de Facebook desactualizada.,Web propia con botón directo a WhatsApp y mapa interactivo para captar clientes que hoy se perdían en distracciones de redes.,Alimentos y Bebidas,Comida Rápida/Informal
Taquería Jiménez Avenida,999 621 6844,blogspot.com / wixsite,Dominio gratuito o en plataforma de terceros no optimizada.,Migrar a una web moderna con dominio propio (.com o .mx) y diseño responsive para aumentar dramáticamente la autoridad percibida.,Alimentos y Bebidas,Comida Rápida/Informal
Pizzería Rodríguez y Asociados,999 799 3357,Ninguna,No tiene sitio web propio ni redes optimizadas.,Catálogo de servicios y precios en web propia para facilitar la decisión de compra sin necesidad de contacto inicial.,Alimentos y Bebidas,Comida Rápida/Informal
Taquería Hidalgo y Asociados,999 482 8163,Ninguna,Sin sitio web ni sistema de reservas.,Agenda online interactiva 24/7 para permitir citas fuera de horario y reducir carga telefónica.,Alimentos y Bebidas,Comida Rápida/Informal
Taquería Flores,999 890 4620,facebook.com,Solo página de Facebook desactualizada.,Web propia con botón directo a WhatsApp y mapa interactivo para captar clientes que hoy se perdían en distracciones de redes.,Alimentos y Bebidas,Comida Rápida/Informal
Pizzería Xcanatún del Parque,999 803 6062,instagram.com,Solo página de Instagram sin enlaces de reserva.,Portafolio de trabajos y agenda online en web propia para proyectar mayor nivel y automatizar las reservas de citas directas.,Alimentos y Bebidas,Comida Rápida/Informal
Taquería Hernández,999 240 8996,blogspot.com / wixsite,Dominio gratuito o en plataforma de terceros no optimizada.,Migrar a una web moderna con dominio propio (.com o .mx) y diseño responsive para aumentar dramáticamente la autoridad percibida.,Alimentos y Bebidas,Comida Rápida/Informal
Pizzería Álvarez,999 356 3853,Ninguna,Sin sitio web ni sistema de reservas.,Agenda online interactiva 24/7 para permitir citas fuera de horario y reducir carga telefónica.,Alimentos y Bebidas,Comida Rápida/Informal
Taquería Cen y Asociados,999 169 7370,Ninguna,Sin sitio web ni sistema de reservas.,Agenda online interactiva 24/7 para permitir citas fuera de horario y reducir carga telefónica.,Alimentos y Bebidas,Comida Rápida/Informal
Pizzería Mérida Center,999 457 9541,wa.me,Solo link de WhatsApp en perfil.,Sitio web estructurado como embudo de ventas conectado a WhatsApp para perfilar el interés antes del contacto.,Alimentos y Bebidas,Comida Rápida/Informal
Pizzería Martínez,999 690 3772,Ninguna,Sin sitio web ni sistema de reservas.,Agenda online interactiva 24/7 para permitir citas fuera de horario y reducir carga telefónica.,Alimentos y Bebidas,Comida Rápida/Informal
Taquería Mendoza,999 838 2295,facebook.com,Solo página de Facebook desactualizada.,Web propia con botón directo a WhatsApp y mapa interactivo para captar clientes que hoy se perdían en distracciones de redes.,Alimentos y Bebidas,Comida Rápida/Informal
Pizzería Conkal,999 492 1038,blogspot.com / wixsite,Dominio gratuito o en plataforma de terceros no optimizada.,Migrar a una web moderna con dominio propio (.com o .mx) y diseño responsive para aumentar dramáticamente la autoridad percibida.,Alimentos y Bebidas,Comida Rápida/Informal
Hamburguesas Treviño,999 267 9551,instagram.com,Solo página de Instagram sin enlaces de reserva.,Portafolio de trabajos y agenda online en web propia para proyectar mayor nivel y automatizar las reservas de citas directas.,Alimentos y Bebidas,Comida Rápida/Informal
Taquería Dzib,999 582 6566,Ninguna,Sin sitio web ni sistema de reservas.,Agenda online interactiva 24/7 para permitir citas fuera de horario y reducir carga telefónica.,Alimentos y Bebidas,Comida Rápida/Informal
Pizzería Garza Avenida,999 285 7220,Ninguna,Sin sitio web ni sistema de reservas.,Agenda online interactiva 24/7 para permitir citas fuera de horario y reducir carga telefónica.,Alimentos y Bebidas,Comida Rápida/Informal
