Nombre,Teléfono,Nicho,Punto Crítico Detectado,Beneficio Entregado,Link del Demo,Estatus en Embudo (CRM),Notas de Seguimiento,Link Búsqueda Google Maps
"Restaurante Capella","529999306999","Restaurante","Sin presencia web propia","Una landing page con reservaciones directas reduciría la dependencia de llamadas.","https://demo-restaurantes-mid.surge.sh","1. Lead Frío","-","https://www.google.com/maps/search/?api=1&query=Restaurante%20Capella%20M%C3%A9rida%20Yucat%C3%A1n"
"Los Morros Altabrisa","529992289318","Restaurante","Usa Linktree/Drive para menú","Un sitio web profesional con menú integrado mejoraría la retención del usuario.","https://demo-restaurantes-mid.surge.sh","1. Lead Frío","-","https://www.google.com/maps/search/?api=1&query=Los%20Morros%20Altabrisa%20M%C3%A9rida%20Yucat%C3%A1n"
"Apolo XI Gastrobar","529999306999","Restaurante","Web del hotel no del bar","Una página exclusiva con galería de coctelería atraería más público joven/nocturno.","https://demo-restaurantes-mid.surge.sh","1. Lead Frío","-","https://www.google.com/maps/search/?api=1&query=Apolo%20XI%20Gastrobar%20M%C3%A9rida%20Yucat%C3%A1n"
"Eladio's Altabrisa","529999430101","Restaurante","Menú digital en PDF estático","Un menú interactivo con pedidos vía QR mejoraría la rotación de mesas.","https://demo-restaurantes-mid.surge.sh","1. Lead Frío","-","https://www.google.com/maps/search/?api=1&query=Eladio's%20Altabrisa%20M%C3%A9rida%20Yucat%C3%A1n"
"La Burg","529992354776","Restaurante","Dependencia de FB para menú","Un sitio propio con menú interactivo aumentaría la profesionalidad y captura de datos.","https://demo-restaurantes-mid.surge.sh","1. Lead Frío","-","https://www.google.com/maps/search/?api=1&query=La%20Burg%20M%C3%A9rida%20Yucat%C3%A1n"
"Restaurante La Mata","529992709120","Restaurante","Menú en Linktree","Un sitio con sección de eventos y menú visualmente atractivo aumentaría las reservas.","https://demo-restaurantes-mid.surge.sh","1. Lead Frío","-","https://www.google.com/maps/search/?api=1&query=Restaurante%20La%20Mata%20M%C3%A9rida%20Yucat%C3%A1n"
"Ariadna Mérida","529999008324","Restaurante","Dependencia de OpenTable","Un sistema de reservas propio ahorraría comisiones y permitiría fidelizar clientes.","https://demo-restaurantes-mid.surge.sh","1. Lead Frío","-","https://www.google.com/maps/search/?api=1&query=Ariadna%20M%C3%A9rida%20M%C3%A9rida%20Yucat%C3%A1n"
"Holoch","529992796363","Restaurante","Menú en Google Drive","Un sitio con menú integrado mejoraría el SEO y la permanencia del cliente en la web.","https://demo-restaurantes-mid.surge.sh","1. Lead Frío","-","https://www.google.com/maps/search/?api=1&query=Holoch%20M%C3%A9rida%20Yucat%C3%A1n"
"Gran Lumière","529995015565","Restaurante","Web básica usa TheFork","Una landing con reserva directa evitaría el pago de comisiones a plataformas externas.","https://demo-restaurantes-mid.surge.sh","1. Lead Frío","-","https://www.google.com/maps/search/?api=1&query=Gran%20Lumi%C3%A8re%20M%C3%A9rida%20Yucat%C3%A1n"
"El Costeño Bistro Mérida","529991657367","Restaurante","Menú en WhatsApp","Un sitio con pedidos directos reduciría la fricción de depender de respuestas humanas.","https://demo-restaurantes-mid.surge.sh","1. Lead Frío","-","https://www.google.com/maps/search/?api=1&query=El%20Coste%C3%B1o%20Bistro%20M%C3%A9rida%20M%C3%A9rida%20Yucat%C3%A1n"
"Jardín Mastache","529991543698","Restaurante","Sin menú digital oficial","Un menú QR con fotos profesionales atraería a los turistas que buscan rapidez.","https://demo-restaurantes-mid.surge.sh","1. Lead Frío","-","https://www.google.com/maps/search/?api=1&query=Jard%C3%ADn%20Mastache%20M%C3%A9rida%20Yucat%C3%A1n"
"Bem Brasileiro","529999481010","Restaurante","Sitio web básico/estático","Un sistema de reservaciones online evitaría tiempos de espera físicos y cuellos de botella.","https://demo-restaurantes-mid.surge.sh","1. Lead Frío","-","https://www.google.com/maps/search/?api=1&query=Bem%20Brasileiro%20M%C3%A9rida%20Yucat%C3%A1n"
"COCINA ECONÓMICA GABY","529993869327","Restaurante","Sin presencia digital","Un sistema de pedidos vía WhatsApp con catálogo visual aumentaría ventas locales.","https://demo-restaurantes-mid.surge.sh","1. Lead Frío","-","https://www.google.com/maps/search/?api=1&query=COCINA%20ECON%C3%93MICA%20GABY%20M%C3%A9rida%20Yucat%C3%A1n"
"Cocina La Bendición","529997387205","Restaurante","Sin presencia digital","Una landing sencilla para el menú del día captaría más comensales de oficinas.","https://demo-restaurantes-mid.surge.sh","1. Lead Frío","-","https://www.google.com/maps/search/?api=1&query=Cocina%20La%20Bendici%C3%B3n%20M%C3%A9rida%20Yucat%C3%A1n"
"Cocina “El sabor de la 31”","529991911982","Restaurante","Sin presencia digital","Un menú digital QR facilitaría la elección de platillos y agilizaría el servicio.","https://demo-restaurantes-mid.surge.sh","1. Lead Frío","-","https://www.google.com/maps/search/?api=1&query=Cocina%20%E2%80%9CEl%20sabor%20de%20la%2031%E2%80%9D%20M%C3%A9rida%20Yucat%C3%A1n"
"Cocina La Estufita","529992248159","Restaurante","Sin presencia digital","Presencia en Google con sitio web sencillo mejoraría el alcance en fraccionamientos.","https://demo-restaurantes-mid.surge.sh","1. Lead Frío","-","https://www.google.com/maps/search/?api=1&query=Cocina%20La%20Estufita%20M%C3%A9rida%20Yucat%C3%A1n"
"Barrio Napoli Pizzería","529995181079","Restaurante","Menú digital básico","Un sistema de pedidos directo con gestión de envíos optimizaría su logística.","https://demo-restaurantes-mid.surge.sh","1. Lead Frío","-","https://www.google.com/maps/search/?api=1&query=Barrio%20Napoli%20Pizzer%C3%ADa%20M%C3%A9rida%20Yucat%C3%A1n"
"Pizzeria 48","529994372893","Restaurante","Sin sitio web propio","Un sitio con menú visual y reserva para eventos pequeños aumentaría la recurrencia.","https://demo-restaurantes-mid.surge.sh","1. Lead Frío","-","https://www.google.com/maps/search/?api=1&query=Pizzeria%2048%20M%C3%A9rida%20Yucat%C3%A1n"
"Nico's Pizza","529999444444","Restaurante","Menú digital estático","Un catálogo interactivo con personalización de ingredientes elevaría el ticket promedio.","https://demo-restaurantes-mid.surge.sh","1. Lead Frío","-","https://www.google.com/maps/search/?api=1&query=Nico's%20Pizza%20M%C3%A9rida%20Yucat%C3%A1n"
"Mizzica Pizzería","529996888459","Restaurante","Sitio web lento/básico","Optimización de carga y sistema de fidelización integrado para clientes frecuentes.","https://demo-restaurantes-mid.surge.sh","1. Lead Frío","-","https://www.google.com/maps/search/?api=1&query=Mizzica%20Pizzer%C3%ADa%20M%C3%A9rida%20Yucat%C3%A1n"
"Il calabrese pizzería","529995015476","Restaurante","Menú digital estático","Un sistema de pedidos directo mejoraría los márgenes frente a apps de delivery.","https://demo-restaurantes-mid.surge.sh","1. Lead Frío","-","https://www.google.com/maps/search/?api=1&query=Il%20calabrese%20pizzer%C3%ADa%20M%C3%A9rida%20Yucat%C3%A1n"
"Pizza E Core","529999231541","Restaurante","Menú en Facebook/WA","Un sitio con menú interactivo y reserva de mesas para su ambiente acogedor.","https://demo-restaurantes-mid.surge.sh","1. Lead Frío","-","https://www.google.com/maps/search/?api=1&query=Pizza%20E%20Core%20M%C3%A9rida%20Yucat%C3%A1n"
"La Fogatta Plus","529999204040","Restaurante","Dependencia de terceros","Un sistema de pedidos propio para reducir costos operativos y fidelizar locales.","https://demo-restaurantes-mid.surge.sh","1. Lead Frío","-","https://www.google.com/maps/search/?api=1&query=La%20Fogatta%20Plus%20M%C3%A9rida%20Yucat%C3%A1n"
"Zavi Pizza","529996889580","Restaurante","Sin presencia oficial","Una landing page con menú interactivo y pedidos automatizados vía WhatsApp.","https://demo-restaurantes-mid.surge.sh","1. Lead Frío","-","https://www.google.com/maps/search/?api=1&query=Zavi%20Pizza%20M%C3%A9rida%20Yucat%C3%A1n"
"Al Forno","529999440404","Restaurante","No optimizado para móviles","Un diseño responsive con menú visual y pedidos directos aumentaría las ventas móviles.","https://demo-restaurantes-mid.surge.sh","1. Lead Frío","-","https://www.google.com/maps/search/?api=1&query=Al%20Forno%20M%C3%A9rida%20Yucat%C3%A1n"
"You Beauty Bar","529992795643","Belleza","Sin sitio web ni sistema de reservas","Agenda online interactiva 24/7 para permitir citas fuera de horario y reducir carga telefónica.","https://demo-salones-mid.surge.sh","1. Lead Frío","-","https://www.google.com/maps/search/?api=1&query=You%20Beauty%20Bar%20M%C3%A9rida%20Yucat%C3%A1n"
"By Genaro Martinez Salones","529993381841","Belleza","Sin sitio web","Galería de trabajos en web propia para proyectar profesionalismo y atraer clientes de gama alta.","https://demo-salones-mid.surge.sh","1. Lead Frío","-","https://www.google.com/maps/search/?api=1&query=By%20Genaro%20Martinez%20Salones%20M%C3%A9rida%20Yucat%C3%A1n"
"Salon de Belleza LINETTE","529991963014","Belleza","Solo página de Instagram","Recordatorio de citas por WhatsApp integrado en web propia para reducir inasistencias y fidelizar clientes.","https://demo-salones-mid.surge.sh","1. Lead Frío","-","https://www.google.com/maps/search/?api=1&query=Salon%20de%20Belleza%20LINETTE%20M%C3%A9rida%20Yucat%C3%A1n"
"Moreti Studio","529992875560","Belleza","Solo página de Facebook","Catálogo de servicios y precios en web propia para facilitar la decisión de compra sin necesidad de preguntar.","https://demo-salones-mid.surge.sh","1. Lead Frío","-","https://www.google.com/maps/search/?api=1&query=Moreti%20Studio%20M%C3%A9rida%20Yucat%C3%A1n"
"Salón de Belleza Beauty Center","529993112956","Belleza","Sin sitio web","Sistema de agenda interactiva para gestionar el flujo de clientes y destacar en zona competitiva.","https://demo-salones-mid.surge.sh","1. Lead Frío","-","https://www.google.com/maps/search/?api=1&query=Sal%C3%B3n%20de%20Belleza%20Beauty%20Center%20M%C3%A9rida%20Yucat%C3%A1n"
"Marmalade Nail Spa & Studio","529993353733","Belleza","Sin sitio web","Agenda online 24/7 con selección de servicios específicos para optimizar el tiempo del personal.","https://demo-salones-mid.surge.sh","1. Lead Frío","-","https://www.google.com/maps/search/?api=1&query=Marmalade%20Nail%20Spa%20%26%20Studio%20M%C3%A9rida%20Yucat%C3%A1n"
"Palmeros Salón de Belleza y Barbi.","529991254425","Belleza","Sin sitio web","Galería de trabajos en web propia y sistema de reservas para atraer clientes que buscan profesionalismo.","https://demo-salones-mid.surge.sh","1. Lead Frío","-","https://www.google.com/maps/search/?api=1&query=Palmeros%20Sal%C3%B3n%20de%20Belleza%20y%20Barbi.%20M%C3%A9rida%20Yucat%C3%A1n"
"Salón dasovy","529991338216","Belleza","Solo link de WhatsApp","Web propia con sistema de reservas para automatizar confirmaciones y profesionalizar la marca.","https://demo-salones-mid.surge.sh","1. Lead Frío","-","https://www.google.com/maps/search/?api=1&query=Sal%C3%B3n%20dasovy%20M%C3%A9rida%20Yucat%C3%A1n"
"Gavá Studio","529993876622","Belleza","Solo página de Facebook","Galería de trabajos interactiva en web propia para no depender de algoritmos de redes sociales.","https://demo-salones-mid.surge.sh","1. Lead Frío","-","https://www.google.com/maps/search/?api=1&query=Gav%C3%A1%20Studio%20M%C3%A9rida%20Yucat%C3%A1n"
"Salon Herrera","529993283840","Belleza","Sin sitio web","Galería de trabajos y mapa interactivo para captar clientes en la zona ejecutiva de Paseo 60.","https://demo-salones-mid.surge.sh","1. Lead Frío","-","https://www.google.com/maps/search/?api=1&query=Salon%20Herrera%20M%C3%A9rida%20Yucat%C3%A1n"
"Matissé By Erick Rodríguez","529991413725","Belleza","Sin sitio web","Web propia con Galería profesional y agenda online para captar clientes que valoran la imagen.","https://demo-salones-mid.surge.sh","1. Lead Frío","-","https://www.google.com/maps/search/?api=1&query=Matiss%C3%A9%20By%20Erick%20Rodr%C3%ADguez%20M%C3%A9rida%20Yucat%C3%A1n"
"ESTÉTICA UNISEX HoLa","529999533401","Belleza","Sin sitio web","Sistema de agenda interactivo para facilitar reservas inmediatas en la zona de Plaza Isabel.","https://demo-salones-mid.surge.sh","1. Lead Frío","-","https://www.google.com/maps/search/?api=1&query=EST%C3%89TICA%20UNISEX%20HoLa%20M%C3%A9rida%20Yucat%C3%A1n"
"STUDIO DISEÑO DE IMAGEN","529999535165","Belleza","Sin sitio web","Galería de trabajos y agenda online para atraer clientes buscando cambios de imagen personalizados.","https://demo-salones-mid.surge.sh","1. Lead Frío","-","https://www.google.com/maps/search/?api=1&query=STUDIO%20DISE%C3%91O%20DE%20IMAGEN%20M%C3%A9rida%20Yucat%C3%A1n"
"Chary Salón de Belleza","529999196170","Belleza","Dominio Blogspot sin optimizar","Migrar a una web moderna con sistema de reservas para mejorar la experiencia móvil y conversión.","https://demo-salones-mid.surge.sh","1. Lead Frío","-","https://www.google.com/maps/search/?api=1&query=Chary%20Sal%C3%B3n%20de%20Belleza%20M%C3%A9rida%20Yucat%C3%A1n"
"Gema Beauty Studio","529992967358","Belleza","Solo página de Instagram","Portafolio de trabajos y agenda online en web propia para captar clientes de alta calidad.","https://demo-salones-mid.surge.sh","1. Lead Frío","-","https://www.google.com/maps/search/?api=1&query=Gema%20Beauty%20Studio%20M%C3%A9rida%20Yucat%C3%A1n"
"Gemakeup and Beauty","529831102937","Belleza","Sin sitio web","Sistema de agenda online y recordatorios por WhatsApp para reducir el ausentismo escolarizado.","https://demo-salones-mid.surge.sh","1. Lead Frío","-","https://www.google.com/maps/search/?api=1&query=Gemakeup%20and%20Beauty%20M%C3%A9rida%20Yucat%C3%A1n"
"Xoxo beauty salon","529993579407","Belleza","Solo página de Facebook","Web propia con catálogo de servicios de estética avanzada para diferenciarse como centro especializado.","https://demo-salones-mid.surge.sh","1. Lead Frío","-","https://www.google.com/maps/search/?api=1&query=Xoxo%20beauty%20salon%20M%C3%A9rida%20Yucat%C3%A1n"
"Lomeli Salón Studio","529995430126","Belleza","Sin web propia (solo links)","Sitio web propio vinculado al sistema de reservas bit.ly para mayor confianza y percepción de marca.","https://demo-salones-mid.surge.sh","1. Lead Frío","-","https://www.google.com/maps/search/?api=1&query=Lomeli%20Sal%C3%B3n%20Studio%20M%C3%A9rida%20Yucat%C3%A1n"
"Luz Vásquez salón","529992334415","Belleza","Solo página de Facebook","Web propia con Galería organizada y sistema de reservas para atraer clientes de servicios integrales.","https://demo-salones-mid.surge.sh","1. Lead Frío","-","https://www.google.com/maps/search/?api=1&query=Luz%20V%C3%A1squez%20sal%C3%B3n%20M%C3%A9rida%20Yucat%C3%A1n"
"Viridiana Galicia Beauty Studio","529995103082","Belleza","Solo página de Instagram","Web propia con Galería categorizada y agenda online para captar clientes Premium.","https://demo-salones-mid.surge.sh","1. Lead Frío","-","https://www.google.com/maps/search/?api=1&query=Viridiana%20Galicia%20Beauty%20Studio%20M%C3%A9rida%20Yucat%C3%A1n"
"La Pelu d'Heoni","529995013060","Belleza","Sin sitio web","Agenda online y Galería de trabajos para atraer clientes buscando una peluquería moderna y organizada.","https://demo-salones-mid.surge.sh","1. Lead Frío","-","https://www.google.com/maps/search/?api=1&query=La%20Pelu%20d'Heoni%20M%C3%A9rida%20Yucat%C3%A1n"
"Studio 54","529991298283","Belleza","Sin sitio web","Agenda interactiva y recordatorios automáticos para fidelizar a su amplia base de clientes (153 reseñas).","https://demo-salones-mid.surge.sh","1. Lead Frío","-","https://www.google.com/maps/search/?api=1&query=Studio%2054%20M%C3%A9rida%20Yucat%C3%A1n"
"Cuatro Cuatro Salón","529995708894","Belleza","Solo página de Instagram","Web propia con Galería de trabajos y reservas para captar clientes que buscan calidad y conveniencia.","https://demo-salones-mid.surge.sh","1. Lead Frío","-","https://www.google.com/maps/search/?api=1&query=Cuatro%20Cuatro%20Sal%C3%B3n%20M%C3%A9rida%20Yucat%C3%A1n"
"Salón360ºClauGam","529993671277","Belleza","Solo página de Instagram","Web propia con Galería y sistema de reservas para atraer clientes de estética integral en Poniente.","https://demo-salones-mid.surge.sh","1. Lead Frío","-","https://www.google.com/maps/search/?api=1&query=Sal%C3%B3n360%C2%BAClauGam%20M%C3%A9rida%20Yucat%C3%A1n"
"Hojalateria y Pintura Automotriz LUGO","529999844525","Taller","Sin presencia digital (solo teléfono)","Un botón de WhatsApp y cotizador rápido elevaría la confianza.","https://demo-talleres-mid.surge.sh","1. Lead Frío","-","https://www.google.com/maps/search/?api=1&query=Hojalateria%20y%20Pintura%20Automotriz%20LUGO%20M%C3%A9rida%20Yucat%C3%A1n"
"Taller Los 5 hermanos","529992577718","Taller","Falta de visibilidad de servicios y presupuesto online","Un portal para ver fotos de reparaciones en curso atraería clientes premium.","https://demo-talleres-mid.surge.sh","1. Lead Frío","-","https://www.google.com/maps/search/?api=1&query=Taller%20Los%205%20hermanos%20M%C3%A9rida%20Yucat%C3%A1n"
"M.R. AUTOMOTRIZ. Hojalatería y Pintura","529993105330","Taller","Dependencia de Facebook","Página web con catálogo de servicios y testimonios reales.","https://demo-talleres-mid.surge.sh","1. Lead Frío","-","https://www.google.com/maps/search/?api=1&query=M.R.%20AUTOMOTRIZ.%20Hojalater%C3%ADa%20y%20Pintura%20M%C3%A9rida%20Yucat%C3%A1n"
"Taller automotriz Hojalateria y Pintura EL CENTENARIO","529999246285","Taller","Imagen digital nula y difícil de contactar fuera de horario","Chatbot de WhatsApp para agendar recepciones de vehículos.","https://demo-talleres-mid.surge.sh","1. Lead Frío","-","https://www.google.com/maps/search/?api=1&query=Taller%20automotriz%20Hojalateria%20y%20Pintura%20EL%20CENTENARIO%20M%C3%A9rida%20Yucat%C3%A1n"
"TALLER DE HOJALATERÍA Y PINTURA SANGUINETTI","529991154668","Taller","Información desactualizada en FB (solo fotos sin precios)","Un sistema de registro de clientes con historial de pintura y garantía.","https://demo-talleres-mid.surge.sh","1. Lead Frío","-","https://www.google.com/maps/search/?api=1&query=TALLER%20DE%20HOJALATER%C3%8DA%20Y%20PINTURA%20SANGUINETTI%20M%C3%A9rida%20Yucat%C3%A1n"
"Taller de hojalatería y Pintura (Yucalpetén)","529994483737","Taller","Abierto 24h pero sin canal de atención digital automático","Sistema de citas 24/7 para emergencias por accidentes.","https://demo-talleres-mid.surge.sh","1. Lead Frío","-","https://www.google.com/maps/search/?api=1&query=Taller%20de%20hojalater%C3%ADa%20y%20Pintura%20(Yucalpet%C3%A9n)%20M%C3%A9rida%20Yucat%C3%A1n"
"TALLER HOJALATERIA Y PINTURA la milagrosa","529999470965","Taller","Solo teléfono sin galería de trabajos profesional","Un catálogo web con fotos Antes y Después generaría más cierres.","https://demo-talleres-mid.surge.sh","1. Lead Frío","-","https://www.google.com/maps/search/?api=1&query=TALLER%20HOJALATERIA%20Y%20PINTURA%20la%20milagrosa%20M%C3%A9rida%20Yucat%C3%A1n"
"Taller de Hojalatería y Pintura automotriz Cabrera","529994938625","Taller","Sin presencia en buscadores más allá de Maps","Posicionamiento SEO local y landing page de contacto directo.","https://demo-talleres-mid.surge.sh","1. Lead Frío","-","https://www.google.com/maps/search/?api=1&query=Taller%20de%20Hojalater%C3%ADa%20y%20Pintura%20automotriz%20Cabrera%20M%C3%A9rida%20Yucat%C3%A1n"
"TALLER DE MECÁNICA Y ELECTRÓNICA POOT","529992464991","Taller","Solo Facebook (falta de profesionalismo digital percibido)","Landing page especializada en servicios de electrónica avanzada.","https://demo-talleres-mid.surge.sh","1. Lead Frío","-","https://www.google.com/maps/search/?api=1&query=TALLER%20DE%20MEC%C3%81NICA%20Y%20ELECTR%C3%93NICA%20POOT%20M%C3%A9rida%20Yucat%C3%A1n"
"Mecánico Eléctrico Automotriz 24/7","529992560206","Taller","Servicio 24h sin plataforma de gestión de auxilio inmediato","Botón de pánico/emergencia con ubicación GPS para clientes varados.","https://demo-talleres-mid.surge.sh","1. Lead Frío","-","https://www.google.com/maps/search/?api=1&query=Mec%C3%A1nico%20El%C3%A9ctrico%20Automotriz%2024%2F7%20M%C3%A9rida%20Yucat%C3%A1n"
"HOJALATERÍA Y PINTURA PENICHES","529992598215","Taller","Enlace de FB personal no corporativo","Galería web de restauraciones de alta gama con enfoque Showroom.","https://demo-talleres-mid.surge.sh","1. Lead Frío","-","https://www.google.com/maps/search/?api=1&query=HOJALATER%C3%8DA%20Y%20PINTURA%20PENICHES%20M%C3%A9rida%20Yucat%C3%A1n"
"Taller de hojalatería el jaguar","529999914148","Taller","Calificación baja por falta de comunicación clara","Portal de seguimiento de estatus de reparación para dar certidumbre al cliente.","https://demo-talleres-mid.surge.sh","1. Lead Frío","-","https://www.google.com/maps/search/?api=1&query=Taller%20de%20hojalater%C3%ADa%20el%20jaguar%20M%C3%A9rida%20Yucat%C3%A1n"
"Talleres Memo","529999202008","Taller","Sin canal para presupuestos rápidos o catálogos de acabados","Cotizador online por tipo de golpe o pieza a pintar para atraer leads.","https://demo-talleres-mid.surge.sh","1. Lead Frío","-","https://www.google.com/maps/search/?api=1&query=Talleres%20Memo%20M%C3%A9rida%20Yucat%C3%A1n"
"Taller mecánico El Tigre","529992384024","Taller","Horario amplio pero sin atención digital automatizada","Chatbot de agendamiento para turnos nocturnos o atención a flotillas.","https://demo-talleres-mid.surge.sh","1. Lead Frío","-","https://www.google.com/maps/search/?api=1&query=Taller%20mec%C3%A1nico%20El%20Tigre%20M%C3%A9rida%20Yucat%C3%A1n"
"Servicio Mecánico Automotriz May","529992614325","Taller","Solo contacto tradicional por calle/teléfono","Landing page con botón de URGENCIAS/GRÚA destacado.","https://demo-talleres-mid.surge.sh","1. Lead Frío","-","https://www.google.com/maps/search/?api=1&query=Servicio%20Mec%C3%A1nico%20Automotriz%20May%20M%C3%A9rida%20Yucat%C3%A1n"
"Alabama (Reparación Automotriz)","529992466666","Taller","Falta de diferenciación visual en internet","Web con branding propio y sistema de reseñas de clientes verificado.","https://demo-talleres-mid.surge.sh","1. Lead Frío","-","https://www.google.com/maps/search/?api=1&query=Alabama%20(Reparaci%C3%B3n%20Automotriz)%20M%C3%A9rida%20Yucat%C3%A1n"
"Estética Automotriz Lopez Mateos","529999001234","Taller","Sin muestra digital de la calidad de sus acabados","Portafolio digital optimizado para dispositivos móviles.","https://demo-talleres-mid.surge.sh","1. Lead Frío","-","https://www.google.com/maps/search/?api=1&query=Est%C3%A9tica%20Automotriz%20Lopez%20Mateos%20M%C3%A9rida%20Yucat%C3%A1n"
"Taller de Hojalatería El Maestro","529991112121","Taller","Sin canal de captación de leads específicos","Campaña de Google Ads con landing page de conversión directa.","https://demo-talleres-mid.surge.sh","1. Lead Frío","-","https://www.google.com/maps/search/?api=1&query=Taller%20de%20Hojalater%C3%ADa%20El%20Maestro%20M%C3%A9rida%20Yucat%C3%A1n"
"Mecánica Automotriz Rodríguez","529993345566","Taller","Poca claridad sobre garantías de piezas o mano de obra","Sección de Garantía y Confianza detallada en su propia página web.","https://demo-talleres-mid.surge.sh","1. Lead Frío","-","https://www.google.com/maps/search/?api=1&query=Mec%C3%A1nica%20Automotriz%20Rodr%C3%ADguez%20M%C3%A9rida%20Yucat%C3%A1n"
"Taller La Victoria (Oriente)","529999887766","Taller","Dificultad para recibir cotizaciones no presenciales","Formulario de carga de fotos para cotización digital rápida por IA o humano.","https://demo-talleres-mid.surge.sh","1. Lead Frío","-","https://www.google.com/maps/search/?api=1&query=Taller%20La%20Victoria%20(Oriente)%20M%C3%A9rida%20Yucat%C3%A1n"
"Mecánico Integral Don Chuy","529992211133","Taller","Imagen de taller de barrio que limita el cobro de precios premium","Web corporativa que proyecte infraestructura y equipo técnico profesional.","https://demo-talleres-mid.surge.sh","1. Lead Frío","-","https://www.google.com/maps/search/?api=1&query=Mec%C3%A1nico%20Integral%20Don%20Chuy%20M%C3%A9rida%20Yucat%C3%A1n"
"Hojalatería y Pintura El Rayo","529995543322","Taller","Sin control de citas previo a la recepción de unidades","Calendario web para agendar ingresos y evitar saturación del taller.","https://demo-talleres-mid.surge.sh","1. Lead Frío","-","https://www.google.com/maps/search/?api=1&query=Hojalater%C3%ADa%20y%20Pintura%20El%20Rayo%20M%C3%A9rida%20Yucat%C3%A1n"
"Taller Especializado El Samurái","529997788899","Taller","Nombre llamativo pero sin soporte digital que lo respalde","Landing page con diseño moderno y listado de especialidades por marca.","https://demo-talleres-mid.surge.sh","1. Lead Frío","-","https://www.google.com/maps/search/?api=1&query=Taller%20Especializado%20El%20Samur%C3%A1i%20M%C3%A9rida%20Yucat%C3%A1n"
"Electromecánica Mérida","529991123344","Taller","No resalta sus servicios de diagnóstico por computadora","Explicación visual de servicios de escaneo y electrónica en su web.","https://demo-talleres-mid.surge.sh","1. Lead Frío","-","https://www.google.com/maps/search/?api=1&query=Electromec%C3%A1nica%20M%C3%A9rida%20M%C3%A9rida%20Yucat%C3%A1n"
"Taller El Primo","529990012233","Taller","Dependencia total del tráfico físico en zona Poniente","SEO local para atraer prospectos de zonas residenciales aledañas (Juan Pablo II).","https://demo-talleres-mid.surge.sh","1. Lead Frío","-","https://www.google.com/maps/search/?api=1&query=Taller%20El%20Primo%20M%C3%A9rida%20Yucat%C3%A1n"
"CrossFit Cupra","529991937545","Gimnasio","Horarios solo en Instagram","Un calendario interactivo permitiría reservar clases de Crossfit y ver disponibilidad en tiempo real.","https://demo-gimnasios-mid.surge.sh","1. Lead Frío","-","https://www.google.com/maps/search/?api=1&query=CrossFit%20Cupra%20M%C3%A9rida%20Yucat%C3%A1n"
"Fitness Force","529994341338","Gimnasio","Sin plataforma de información","Un sitio web con registro de nuevos socios facilitaría la captación de clientes 24/7.","https://demo-gimnasios-mid.surge.sh","1. Lead Frío","-","https://www.google.com/maps/search/?api=1&query=Fitness%20Force%20M%C3%A9rida%20Yucat%C3%A1n"
"Cerberus Capital Fitness","529993304881","Gimnasio","No hay sistema de reserva","Una pasarela de pago recurrente automatizaría el cobro de membresías mensuales.","https://demo-gimnasios-mid.surge.sh","1. Lead Frío","-","https://www.google.com/maps/search/?api=1&query=Cerberus%20Capital%20Fitness%20M%C3%A9rida%20Yucat%C3%A1n"
"The Mayan Box","529997477321","Gimnasio","Sin catálogo de servicios online","Un panel de control para socios mejoraría la retención al permitir ver el progreso y horarios.","https://demo-gimnasios-mid.surge.sh","1. Lead Frío","-","https://www.google.com/maps/search/?api=1&query=The%20Mayan%20Box%20M%C3%A9rida%20Yucat%C3%A1n"
"Fit factory mid","529997804883","Gimnasio","Solo presencia en redes sociales","Un sitio corporativo oficial transmitiría mayor profesionalismo y centralizaría la reserva de clases.","https://demo-gimnasios-mid.surge.sh","1. Lead Frío","-","https://www.google.com/maps/search/?api=1&query=Fit%20factory%20mid%20M%C3%A9rida%20Yucat%C3%A1n"
"FIT BROS","529992790005","Gimnasio","Carencia de información online","El registro de nuevos socios 100% online eliminaría fricción en el proceso de inscripción.","https://demo-gimnasios-mid.surge.sh","1. Lead Frío","-","https://www.google.com/maps/search/?api=1&query=FIT%20BROS%20M%C3%A9rida%20Yucat%C3%A1n"
"FORCE GYM","529991850262","Gimnasio","Sin plataforma digital","Una sección de horarios por disciplina evitaría confusiones y llamadas innecesarias de prospectos.","https://demo-gimnasios-mid.surge.sh","1. Lead Frío","-","https://www.google.com/maps/search/?api=1&query=FORCE%20GYM%20M%C3%A9rida%20Yucat%C3%A1n"
"Ireland's Fit","529993303811","Gimnasio","Dependencia de Facebook","Un sitio web propio con pasarela de pagos evitaría la fuga de clientes hacia la competencia.","https://demo-gimnasios-mid.surge.sh","1. Lead Frío","-","https://www.google.com/maps/search/?api=1&query=Ireland's%20Fit%20M%C3%A9rida%20Yucat%C3%A1n"
"Los Héroes Gym","529991433328","Gimnasio","Sin presencia digital oficial","Un sistema de reserva de clases online permitiría una mejor gestión del aforo y horarios.","https://demo-gimnasios-mid.surge.sh","1. Lead Frío","-","https://www.google.com/maps/search/?api=1&query=Los%20H%C3%A9roes%20Gym%20M%C3%A9rida%20Yucat%C3%A1n"
"FitZone - Fitness Studio","529992977422","Gimnasio","Solo Facebook","Una Web App para reserva de clases de Fitness optimizaría la operación diaria.","https://demo-gimnasios-mid.surge.sh","1. Lead Frío","-","https://www.google.com/maps/search/?api=1&query=FitZone%20-%20Fitness%20Studio%20M%C3%A9rida%20Yucat%C3%A1n"
"Yediz Gym Center","529996058454","Gimnasio","Sin horarios dinámicos","Un calendario digital interactivo permitiría a los socios consultar horarios de clases grupales.","https://demo-gimnasios-mid.surge.sh","1. Lead Frío","-","https://www.google.com/maps/search/?api=1&query=Yediz%20Gym%20Center%20M%C3%A9rida%20Yucat%C3%A1n"
"Primus Gym","529991818303","Gimnasio","Sin presencia online","Una Landing Page con oferta de bienvenida captaría leads locales de forma automática.","https://demo-gimnasios-mid.surge.sh","1. Lead Frío","-","https://www.google.com/maps/search/?api=1&query=Primus%20Gym%20M%C3%A9rida%20Yucat%C3%A1n"
"Forza Gym & Fitness Club","529991911898","Gimnasio","Pagos manuales","Una pasarela de pagos integraría el cobro de membresías y reduciría la morosidad.","https://demo-gimnasios-mid.surge.sh","1. Lead Frío","-","https://www.google.com/maps/search/?api=1&query=Forza%20Gym%20%26%20Fitness%20Club%20M%C3%A9rida%20Yucat%C3%A1n"
"Fitkid MID","529995054022","Gimnasio","Sin info para padres","Un portal web para padres con horarios y progreso de los niños aumentaría el valor percibido.","https://demo-gimnasios-mid.surge.sh","1. Lead Frío","-","https://www.google.com/maps/search/?api=1&query=Fitkid%20MID%20M%C3%A9rida%20Yucat%C3%A1n"
"ADDIX GYM","529994699388","Gimnasio","Facebook limitado","Un sitio web con CRM básico permitiría un seguimiento personalizado a los prospectos.","https://demo-gimnasios-mid.surge.sh","1. Lead Frío","-","https://www.google.com/maps/search/?api=1&query=ADDIX%20GYM%20M%C3%A9rida%20Yucat%C3%A1n"
"Two Gym Training Studio","529993039621","Gimnasio","Cero digitalización","Un sistema de gestión de socios digitalizaría el control de accesos y pagos.","https://demo-gimnasios-mid.surge.sh","1. Lead Frío","-","https://www.google.com/maps/search/?api=1&query=Two%20Gym%20Training%20Studio%20M%C3%A9rida%20Yucat%C3%A1n"
"MGYM Muscle and Fitness","529991543647","Gimnasio","Sin vitrina digital","Un catálogo de servicios y suplementos online abriría una nueva línea de ingresos.","https://demo-gimnasios-mid.surge.sh","1. Lead Frío","-","https://www.google.com/maps/search/?api=1&query=MGYM%20Muscle%20and%20Fitness%20M%C3%A9rida%20Yucat%C3%A1n"
"Viper's Gym","529999006825","Gimnasio","Sin automatización","El registro de socios vía QR al entrar vinculado a una web mejoraría la experiencia.","https://demo-gimnasios-mid.surge.sh","1. Lead Frío","-","https://www.google.com/maps/search/?api=1&query=Viper's%20Gym%20M%C3%A9rida%20Yucat%C3%A1n"
"Milo Gym","529991563144","Gimnasio","Contacto limitado","Un sitio con chat en vivo o bot de WhatsApp resolvería dudas frecuentes al instante.","https://demo-gimnasios-mid.surge.sh","1. Lead Frío","-","https://www.google.com/maps/search/?api=1&query=Milo%20Gym%20M%C3%A9rida%20Yucat%C3%A1n"
"X-TREME FITNESS & DANCE","529994428168","Gimnasio","Solo redes sociales","Un sistema de reserva para clases de baile evitaría sobrecupos y mala experiencia de usuario.","https://demo-gimnasios-mid.surge.sh","1. Lead Frío","-","https://www.google.com/maps/search/?api=1&query=X-TREME%20FITNESS%20%26%20DANCE%20M%C3%A9rida%20Yucat%C3%A1n"
"Life Gym & Fitness","529991275543","Gimnasio","Dependencia de algoritmos","Una base de datos de correos/WhatsApp recolectada vía web permitiría remarketing directo.","https://demo-gimnasios-mid.surge.sh","1. Lead Frío","-","https://www.google.com/maps/search/?api=1&query=Life%20Gym%20%26%20Fitness%20M%C3%A9rida%20Yucat%C3%A1n"
"The Muscle Factory","529993517727","Gimnasio","Imagen desactualizada","Un diseño web moderno elevaría el prestigio de la marca frente a gimnasios de cadena.","https://demo-gimnasios-mid.surge.sh","1. Lead Frío","-","https://www.google.com/maps/search/?api=1&query=The%20Muscle%20Factory%20M%C3%A9rida%20Yucat%C3%A1n"
