Nombre,Teléfono,Web actual,Punto crítico detectado,Análisis de mejoras,Nicho
Copias Conkal,999 561 4648,facebook.com,Solo página de Facebook desactualizada.,Web propia con botón directo a WhatsApp y mapa interactivo para captar clientes que hoy se perdían en distracciones de redes.,Comercio Local (Retail / Servicios)
Mecánica Puc,999 302 9791,facebook.com,Solo página de Facebook desactualizada.,Web propia con botón directo a WhatsApp y mapa interactivo para captar clientes que hoy se perdían en distracciones de redes.,Automotriz
Gimnasio Maya,999 708 2804,instagram.com,Solo página de Instagram sin enlaces de reserva.,Portafolio de trabajos y agenda online en web propia para proyectar mayor nivel y automatizar las reservas de citas directas.,Fitness y Deportes
Taller Francisco de Montejo,999 456 3884,instagram.com,Solo página de Instagram sin enlaces de reserva.,Portafolio de trabajos y agenda online en web propia para proyectar mayor nivel y automatizar las reservas de citas directas.,Automotriz
Salón de Belleza Chávez Center,999 297 6871,Ninguna,Reseñas variables y falta de sitio web que dé confianza.,Una web profesional y herramientas de atención automática mejorarían la percepción de servicio y ayudarían a captar mejores testimonios.,Belleza y Estética
Carnicería Flores,999 478 2628,Ninguna,No tiene sitio web propio ni redes optimizadas.,Catálogo de servicios y precios en web propia para facilitar la decisión de compra sin necesidad de contacto inicial.,Alimentos y Bebidas
Ropa Flores,999 355 8219,Ninguna,Reseñas variables y falta de sitio web que dé confianza.,Una web profesional y herramientas de atención automática mejorarían la percepción de servicio y ayudarían a captar mejores testimonios.,Comercio Local (Retail / Servicios)
Clínica García,999 517 7501,Ninguna,Reseñas variables y falta de sitio web que dé confianza.,Una web profesional y herramientas de atención automática mejorarían la percepción de servicio y ayudarían a captar mejores testimonios.,Salud y Medicina
Ferretería Gómez,999 260 8717,wa.me,Solo link de WhatsApp en perfil.,Sitio web estructurado como embudo de ventas conectado a WhatsApp para perfilar el interés antes del contacto.,Comercio Local (Retail / Servicios)
Fitness Hidalgo Pro,999 347 3079,Ninguna,Sin sitio web ni sistema de reservas.,Agenda online interactiva 24/7 para permitir citas fuera de horario y reducir carga telefónica.,Fitness y Deportes
Automotriz Gutiérrez,999 623 1177,blogspot.com / wixsite,Dominio gratuito o en plataforma de terceros no optimizada.,Migrar a una web moderna con dominio propio (.com o .mx) y diseño responsive para aumentar dramáticamente la autoridad percibida.,Automotriz
Papelería Altabrisa Plaza,999 412 5617,Ninguna,Sin sitio web (presencia basada solo en Maps).,Una Landing Page con SEO local permitiría captar tráfico orgánico de búsquedas en zonas aledañas y aumentar las conversiones.,Comercio Local (Retail / Servicios)
Pizzería Reyes,999 269 6569,wa.me,Solo link de WhatsApp en perfil.,Sitio web estructurado como embudo de ventas conectado a WhatsApp para perfilar el interés antes del contacto.,Alimentos y Bebidas
Taquería Progreso,999 906 4320,Ninguna,Sin sitio web (presencia basada solo en Maps).,Una Landing Page con SEO local permitiría captar tráfico orgánico de búsquedas en zonas aledañas y aumentar las conversiones.,Alimentos y Bebidas
Papelería Herrera,999 275 4286,Ninguna,Sin sitio web (presencia basada solo en Maps).,Una Landing Page con SEO local permitiría captar tráfico orgánico de búsquedas en zonas aledañas y aumentar las conversiones.,Comercio Local (Retail / Servicios)
Barbería La Esperanza,999 210 3824,wa.me,Solo link de WhatsApp en perfil.,Sitio web estructurado como embudo de ventas conectado a WhatsApp para perfilar el interés antes del contacto.,Belleza y Estética
Pet Shop Vargas del Parque,999 968 2373,Ninguna,Sin sitio web (presencia basada solo en Maps).,Una Landing Page con SEO local permitiría captar tráfico orgánico de búsquedas en zonas aledañas y aumentar las conversiones.,Mascotas y Veterinaria
Automotriz La Esperanza,999 408 4303,Ninguna,No tiene sitio web propio ni redes optimizadas.,Catálogo de servicios y precios en web propia para facilitar la decisión de compra sin necesidad de contacto inicial.,Automotriz
Centro Médico Ramírez,999 670 1325,Ninguna,Sin sitio web ni sistema de reservas.,Agenda online interactiva 24/7 para permitir citas fuera de horario y reducir carga telefónica.,Salud y Medicina
Salón de Belleza Balam Studio,999 939 9501,blogspot.com / wixsite,Dominio gratuito o en plataforma de terceros no optimizada.,Migrar a una web moderna con dominio propio (.com o .mx) y diseño responsive para aumentar dramáticamente la autoridad percibida.,Belleza y Estética
Taller Vargas,999 902 3940,Ninguna,Sin sitio web (presencia basada solo en Maps).,Una Landing Page con SEO local permitiría captar tráfico orgánico de búsquedas en zonas aledañas y aumentar las conversiones.,Automotriz
Dental Ruiz 24/7,999 647 2028,Ninguna,Reseñas variables y falta de sitio web que dé confianza.,Una web profesional y herramientas de atención automática mejorarían la percepción de servicio y ayudarían a captar mejores testimonios.,Salud y Medicina
Materiales Temozón,999 217 4649,Ninguna,No tiene sitio web propio ni redes optimizadas.,Catálogo de servicios y precios en web propia para facilitar la decisión de compra sin necesidad de contacto inicial.,Comercio Local (Retail / Servicios)
Tintorería Altabrisa Plaza,999 288 8436,blogspot.com / wixsite,Dominio gratuito o en plataforma de terceros no optimizada.,Migrar a una web moderna con dominio propio (.com o .mx) y diseño responsive para aumentar dramáticamente la autoridad percibida.,Comercio Local (Retail / Servicios)
Salón de Belleza Díaz,999 933 8146,Ninguna,Sin sitio web ni sistema de reservas.,Agenda online interactiva 24/7 para permitir citas fuera de horario y reducir carga telefónica.,Belleza y Estética
Consultorio Pérez,999 663 7042,facebook.com,Solo página de Facebook desactualizada.,Web propia con botón directo a WhatsApp y mapa interactivo para captar clientes que hoy se perdían en distracciones de redes.,Salud y Medicina
Lavandería García Ginerés Hermanos,999 180 4437,wa.me,Solo link de WhatsApp en perfil.,Sitio web estructurado como embudo de ventas conectado a WhatsApp para perfilar el interés antes del contacto.,Comercio Local (Retail / Servicios)
Veterinaria Salazar Hermanos,999 296 7297,facebook.com,Solo página de Facebook desactualizada.,Web propia con botón directo a WhatsApp y mapa interactivo para captar clientes que hoy se perdían en distracciones de redes.,Mascotas y Veterinaria
Automotriz Sánchez Premium,999 157 7510,Ninguna,Sin sitio web ni sistema de reservas.,Agenda online interactiva 24/7 para permitir citas fuera de horario y reducir carga telefónica.,Automotriz
Boutique Maya Avenida,999 329 7391,wa.me,Solo link de WhatsApp en perfil.,Sitio web estructurado como embudo de ventas conectado a WhatsApp para perfilar el interés antes del contacto.,Comercio Local (Retail / Servicios)
Zapatería Dzib,999 743 6049,Ninguna,No tiene sitio web propio ni redes optimizadas.,Catálogo de servicios y precios en web propia para facilitar la decisión de compra sin necesidad de contacto inicial.,Comercio Local (Retail / Servicios)
Boutique Maya,999 756 7561,Ninguna,Sin sitio web ni sistema de reservas.,Agenda online interactiva 24/7 para permitir citas fuera de horario y reducir carga telefónica.,Comercio Local (Retail / Servicios)
Lavandería Moreno Plaza,999 574 6855,wa.me,Solo link de WhatsApp en perfil.,Sitio web estructurado como embudo de ventas conectado a WhatsApp para perfilar el interés antes del contacto.,Comercio Local (Retail / Servicios)
Tintorería Cen 24/7,999 133 8566,facebook.com,Solo página de Facebook desactualizada.,Web propia con botón directo a WhatsApp y mapa interactivo para captar clientes que hoy se perdían en distracciones de redes.,Comercio Local (Retail / Servicios)
Barbería Sur Plaza,999 635 8188,blogspot.com / wixsite,Dominio gratuito o en plataforma de terceros no optimizada.,Migrar a una web moderna con dominio propio (.com o .mx) y diseño responsive para aumentar dramáticamente la autoridad percibida.,Belleza y Estética
Pet Shop San José Studio,999 277 5252,instagram.com,Solo página de Instagram sin enlaces de reserva.,Portafolio de trabajos y agenda online en web propia para proyectar mayor nivel y automatizar las reservas de citas directas.,Mascotas y Veterinaria
Tintorería Brisas,999 878 8765,Ninguna,Sin sitio web (presencia basada solo en Maps).,Una Landing Page con SEO local permitiría captar tráfico orgánico de búsquedas en zonas aledañas y aumentar las conversiones.,Comercio Local (Retail / Servicios)
Consultorio Cen,999 395 7027,Ninguna,Sin sitio web ni sistema de reservas.,Agenda online interactiva 24/7 para permitir citas fuera de horario y reducir carga telefónica.,Salud y Medicina
Dental Los Héroes,999 230 4826,wa.me,Solo link de WhatsApp en perfil.,Sitio web estructurado como embudo de ventas conectado a WhatsApp para perfilar el interés antes del contacto.,Salud y Medicina
Crossfit Puc Premium,999 805 1435,facebook.com,Solo página de Facebook desactualizada.,Web propia con botón directo a WhatsApp y mapa interactivo para captar clientes que hoy se perdían en distracciones de redes.,Fitness y Deportes
Carnicería Montejo,999 255 4585,Ninguna,Reseñas variables y falta de sitio web que dé confianza.,Una web profesional y herramientas de atención automática mejorarían la percepción de servicio y ayudarían a captar mejores testimonios.,Alimentos y Bebidas
Tintorería Chan Studio,999 309 2468,instagram.com,Solo página de Instagram sin enlaces de reserva.,Portafolio de trabajos y agenda online en web propia para proyectar mayor nivel y automatizar las reservas de citas directas.,Comercio Local (Retail / Servicios)
Fitness Gómez,999 412 1640,Ninguna,Reseñas variables y falta de sitio web que dé confianza.,Una web profesional y herramientas de atención automática mejorarían la percepción de servicio y ayudarían a captar mejores testimonios.,Fitness y Deportes
Veterinaria Ruiz,999 981 3962,Ninguna,Sin sitio web ni sistema de reservas.,Agenda online interactiva 24/7 para permitir citas fuera de horario y reducir carga telefónica.,Mascotas y Veterinaria
Fitness Cen,999 719 1887,instagram.com,Solo página de Instagram sin enlaces de reserva.,Portafolio de trabajos y agenda online en web propia para proyectar mayor nivel y automatizar las reservas de citas directas.,Fitness y Deportes
Hamburguesas Díaz,999 988 5425,facebook.com,Solo página de Facebook desactualizada.,Web propia con botón directo a WhatsApp y mapa interactivo para captar clientes que hoy se perdían en distracciones de redes.,Alimentos y Bebidas
Papelería Sánchez,999 598 2359,Ninguna,Sin sitio web (presencia basada solo en Maps).,Una Landing Page con SEO local permitiría captar tráfico orgánico de búsquedas en zonas aledañas y aumentar las conversiones.,Comercio Local (Retail / Servicios)
Centro Médico Jiménez,999 987 2218,Ninguna,Sin sitio web (presencia basada solo en Maps).,Una Landing Page con SEO local permitiría captar tráfico orgánico de búsquedas en zonas aledañas y aumentar las conversiones.,Salud y Medicina
Estética Tun Pro,999 705 6115,facebook.com,Solo página de Facebook desactualizada.,Web propia con botón directo a WhatsApp y mapa interactivo para captar clientes que hoy se perdían en distracciones de redes.,Belleza y Estética
Tintorería Vargas,999 969 7262,Ninguna,No tiene sitio web propio ni redes optimizadas.,Catálogo de servicios y precios en web propia para facilitar la decisión de compra sin necesidad de contacto inicial.,Comercio Local (Retail / Servicios)
Gimnasio Pérez,999 566 9305,instagram.com,Solo página de Instagram sin enlaces de reserva.,Portafolio de trabajos y agenda online en web propia para proyectar mayor nivel y automatizar las reservas de citas directas.,Fitness y Deportes
Crossfit Canto,999 270 7464,wa.me,Solo link de WhatsApp en perfil.,Sitio web estructurado como embudo de ventas conectado a WhatsApp para perfilar el interés antes del contacto.,Fitness y Deportes
Automotriz Ruiz Studio,999 239 2139,Ninguna,Sin sitio web (presencia basada solo en Maps).,Una Landing Page con SEO local permitiría captar tráfico orgánico de búsquedas en zonas aledañas y aumentar las conversiones.,Automotriz
Consultorio Juárez,999 543 4590,Ninguna,No tiene sitio web propio ni redes optimizadas.,Catálogo de servicios y precios en web propia para facilitar la decisión de compra sin necesidad de contacto inicial.,Salud y Medicina
Salón de Belleza Cruz Studio,999 634 9984,Ninguna,Reseñas variables y falta de sitio web que dé confianza.,Una web profesional y herramientas de atención automática mejorarían la percepción de servicio y ayudarían a captar mejores testimonios.,Belleza y Estética
Veterinaria Sánchez Premium,999 202 5674,Ninguna,Sin sitio web ni sistema de reservas.,Agenda online interactiva 24/7 para permitir citas fuera de horario y reducir carga telefónica.,Mascotas y Veterinaria
Consultorio Rodríguez 24/7,999 220 7884,wa.me,Solo link de WhatsApp en perfil.,Sitio web estructurado como embudo de ventas conectado a WhatsApp para perfilar el interés antes del contacto.,Salud y Medicina
Consultorio Hernández,999 391 8132,Ninguna,Sin sitio web ni sistema de reservas.,Agenda online interactiva 24/7 para permitir citas fuera de horario y reducir carga telefónica.,Salud y Medicina
Clínica Ramírez,999 294 3630,Ninguna,No tiene sitio web propio ni redes optimizadas.,Catálogo de servicios y precios en web propia para facilitar la decisión de compra sin necesidad de contacto inicial.,Salud y Medicina
Barbería Campestre,999 955 9323,wa.me,Solo link de WhatsApp en perfil.,Sitio web estructurado como embudo de ventas conectado a WhatsApp para perfilar el interés antes del contacto.,Belleza y Estética
Materiales Altabrisa,999 970 8451,Ninguna,Reseñas variables y falta de sitio web que dé confianza.,Una web profesional y herramientas de atención automática mejorarían la percepción de servicio y ayudarían a captar mejores testimonios.,Comercio Local (Retail / Servicios)
Salón de Belleza Sur,999 177 6711,wa.me,Solo link de WhatsApp en perfil.,Sitio web estructurado como embudo de ventas conectado a WhatsApp para perfilar el interés antes del contacto.,Belleza y Estética
Fitness Itzimná,999 931 8271,blogspot.com / wixsite,Dominio gratuito o en plataforma de terceros no optimizada.,Migrar a una web moderna con dominio propio (.com o .mx) y diseño responsive para aumentar dramáticamente la autoridad percibida.,Fitness y Deportes
Crossfit Pérez,999 892 4394,Ninguna,Sin sitio web (presencia basada solo en Maps).,Una Landing Page con SEO local permitiría captar tráfico orgánico de búsquedas en zonas aledañas y aumentar las conversiones.,Fitness y Deportes
Cafetería Gutiérrez,999 113 8411,facebook.com,Solo página de Facebook desactualizada.,Web propia con botón directo a WhatsApp y mapa interactivo para captar clientes que hoy se perdían en distracciones de redes.,Alimentos y Bebidas
Restaurante Reyes,999 347 8007,Ninguna,Sin sitio web ni sistema de reservas.,Agenda online interactiva 24/7 para permitir citas fuera de horario y reducir carga telefónica.,Alimentos y Bebidas
Estética Sánchez Hermanos,999 284 9895,Ninguna,Sin sitio web (presencia basada solo en Maps).,Una Landing Page con SEO local permitiría captar tráfico orgánico de búsquedas en zonas aledañas y aumentar las conversiones.,Belleza y Estética
Fitness Canto,999 221 8327,Ninguna,Sin sitio web ni sistema de reservas.,Agenda online interactiva 24/7 para permitir citas fuera de horario y reducir carga telefónica.,Fitness y Deportes
Farmacia Progreso 24/7,999 345 2218,Ninguna,Reseñas variables y falta de sitio web que dé confianza.,Una web profesional y herramientas de atención automática mejorarían la percepción de servicio y ayudarían a captar mejores testimonios.,Salud y Medicina
Clínica Gómez Hermanos,999 210 8275,wa.me,Solo link de WhatsApp en perfil.,Sitio web estructurado como embudo de ventas conectado a WhatsApp para perfilar el interés antes del contacto.,Salud y Medicina
Lavandería Sánchez,999 800 7280,instagram.com,Solo página de Instagram sin enlaces de reserva.,Portafolio de trabajos y agenda online en web propia para proyectar mayor nivel y automatizar las reservas de citas directas.,Comercio Local (Retail / Servicios)
Clínica Herrera,999 339 4538,Ninguna,Reseñas variables y falta de sitio web que dé confianza.,Una web profesional y herramientas de atención automática mejorarían la percepción de servicio y ayudarían a captar mejores testimonios.,Salud y Medicina
Lavandería Norte,999 279 9771,Ninguna,Sin sitio web (presencia basada solo en Maps).,Una Landing Page con SEO local permitiría captar tráfico orgánico de búsquedas en zonas aledañas y aumentar las conversiones.,Comercio Local (Retail / Servicios)
Restaurante Moreno,999 219 3265,wa.me,Solo link de WhatsApp en perfil.,Sitio web estructurado como embudo de ventas conectado a WhatsApp para perfilar el interés antes del contacto.,Alimentos y Bebidas
Veterinaria Chuburná,999 392 6234,Ninguna,Sin sitio web ni sistema de reservas.,Agenda online interactiva 24/7 para permitir citas fuera de horario y reducir carga telefónica.,Mascotas y Veterinaria
Gimnasio May,999 336 1882,Ninguna,Reseñas variables y falta de sitio web que dé confianza.,Una web profesional y herramientas de atención automática mejorarían la percepción de servicio y ayudarían a captar mejores testimonios.,Fitness y Deportes
Boutique Sur Plaza,999 883 2015,Ninguna,Sin sitio web (presencia basada solo en Maps).,Una Landing Page con SEO local permitiría captar tráfico orgánico de búsquedas en zonas aledañas y aumentar las conversiones.,Comercio Local (Retail / Servicios)
Ropa Hidalgo,999 554 8249,Ninguna,No tiene sitio web propio ni redes optimizadas.,Catálogo de servicios y precios en web propia para facilitar la decisión de compra sin necesidad de contacto inicial.,Comercio Local (Retail / Servicios)
Materiales Hernández Studio,999 554 2681,Ninguna,Reseñas variables y falta de sitio web que dé confianza.,Una web profesional y herramientas de atención automática mejorarían la percepción de servicio y ayudarían a captar mejores testimonios.,Comercio Local (Retail / Servicios)
Tintorería Las Américas,999 300 5832,instagram.com,Solo página de Instagram sin enlaces de reserva.,Portafolio de trabajos y agenda online en web propia para proyectar mayor nivel y automatizar las reservas de citas directas.,Comercio Local (Retail / Servicios)
Hamburguesas Reyes,999 259 9858,Ninguna,No tiene sitio web propio ni redes optimizadas.,Catálogo de servicios y precios en web propia para facilitar la decisión de compra sin necesidad de contacto inicial.,Alimentos y Bebidas
Centro Médico Morales,999 678 9036,facebook.com,Solo página de Facebook desactualizada.,Web propia con botón directo a WhatsApp y mapa interactivo para captar clientes que hoy se perdían en distracciones de redes.,Salud y Medicina
Zapatería Guzmán,999 420 3617,Ninguna,Sin sitio web (presencia basada solo en Maps).,Una Landing Page con SEO local permitiría captar tráfico orgánico de búsquedas en zonas aledañas y aumentar las conversiones.,Comercio Local (Retail / Servicios)
Lavandería Mérida Avenida,999 748 6984,Ninguna,Reseñas variables y falta de sitio web que dé confianza.,Una web profesional y herramientas de atención automática mejorarían la percepción de servicio y ayudarían a captar mejores testimonios.,Comercio Local (Retail / Servicios)
Salón de Belleza Morales,999 452 7223,Ninguna,Reseñas variables y falta de sitio web que dé confianza.,Una web profesional y herramientas de atención automática mejorarían la percepción de servicio y ayudarían a captar mejores testimonios.,Belleza y Estética
Fitness Ortiz,999 110 1110,facebook.com,Solo página de Facebook desactualizada.,Web propia con botón directo a WhatsApp y mapa interactivo para captar clientes que hoy se perdían en distracciones de redes.,Fitness y Deportes
Automotriz Itzimná,999 768 1467,Ninguna,Reseñas variables y falta de sitio web que dé confianza.,Una web profesional y herramientas de atención automática mejorarían la percepción de servicio y ayudarían a captar mejores testimonios.,Automotriz
Hamburguesas Maya 24/7,999 367 9163,Ninguna,Reseñas variables y falta de sitio web que dé confianza.,Una web profesional y herramientas de atención automática mejorarían la percepción de servicio y ayudarían a captar mejores testimonios.,Alimentos y Bebidas
Taller Martínez,999 903 5592,Ninguna,Sin sitio web ni sistema de reservas.,Agenda online interactiva 24/7 para permitir citas fuera de horario y reducir carga telefónica.,Automotriz
Boutique Progreso,999 889 8816,Ninguna,No tiene sitio web propio ni redes optimizadas.,Catálogo de servicios y precios en web propia para facilitar la decisión de compra sin necesidad de contacto inicial.,Comercio Local (Retail / Servicios)
Hamburguesas Xcanatún,999 722 8023,blogspot.com / wixsite,Dominio gratuito o en plataforma de terceros no optimizada.,Migrar a una web moderna con dominio propio (.com o .mx) y diseño responsive para aumentar dramáticamente la autoridad percibida.,Alimentos y Bebidas
Materiales Cen,999 872 8996,wa.me,Solo link de WhatsApp en perfil.,Sitio web estructurado como embudo de ventas conectado a WhatsApp para perfilar el interés antes del contacto.,Comercio Local (Retail / Servicios)
Cafetería Oriente 24/7,999 431 9402,Ninguna,Sin sitio web ni sistema de reservas.,Agenda online interactiva 24/7 para permitir citas fuera de horario y reducir carga telefónica.,Alimentos y Bebidas
Taquería Ramírez,999 505 2474,facebook.com,Solo página de Facebook desactualizada.,Web propia con botón directo a WhatsApp y mapa interactivo para captar clientes que hoy se perdían en distracciones de redes.,Alimentos y Bebidas
Dental Jiménez,999 464 2883,facebook.com,Solo página de Facebook desactualizada.,Web propia con botón directo a WhatsApp y mapa interactivo para captar clientes que hoy se perdían en distracciones de redes.,Salud y Medicina
Mecánica Alonso,999 561 6198,facebook.com,Solo página de Facebook desactualizada.,Web propia con botón directo a WhatsApp y mapa interactivo para captar clientes que hoy se perdían en distracciones de redes.,Automotriz
Tintorería Ortiz,999 735 5291,instagram.com,Solo página de Instagram sin enlaces de reserva.,Portafolio de trabajos y agenda online en web propia para proyectar mayor nivel y automatizar las reservas de citas directas.,Comercio Local (Retail / Servicios)
Boutique Conkal 24/7,999 173 6008,instagram.com,Solo página de Instagram sin enlaces de reserva.,Portafolio de trabajos y agenda online en web propia para proyectar mayor nivel y automatizar las reservas de citas directas.,Comercio Local (Retail / Servicios)
Gimnasio Pech,999 518 7664,Ninguna,Reseñas variables y falta de sitio web que dé confianza.,Una web profesional y herramientas de atención automática mejorarían la percepción de servicio y ayudarían a captar mejores testimonios.,Fitness y Deportes
Copias Canek,999 414 6791,facebook.com,Solo página de Facebook desactualizada.,Web propia con botón directo a WhatsApp y mapa interactivo para captar clientes que hoy se perdían en distracciones de redes.,Comercio Local (Retail / Servicios)
Crossfit Brisas,999 235 5714,Ninguna,No tiene sitio web propio ni redes optimizadas.,Catálogo de servicios y precios en web propia para facilitar la decisión de compra sin necesidad de contacto inicial.,Fitness y Deportes
Boutique Sur,999 776 6827,instagram.com,Solo página de Instagram sin enlaces de reserva.,Portafolio de trabajos y agenda online en web propia para proyectar mayor nivel y automatizar las reservas de citas directas.,Comercio Local (Retail / Servicios)
Estética Campestre,999 926 9697,facebook.com,Solo página de Facebook desactualizada.,Web propia con botón directo a WhatsApp y mapa interactivo para captar clientes que hoy se perdían en distracciones de redes.,Belleza y Estética
Farmacia Mendoza,999 413 6518,Ninguna,No tiene sitio web propio ni redes optimizadas.,Catálogo de servicios y precios en web propia para facilitar la decisión de compra sin necesidad de contacto inicial.,Salud y Medicina
Carnicería Herrera,999 477 1819,Ninguna,Sin sitio web (presencia basada solo en Maps).,Una Landing Page con SEO local permitiría captar tráfico orgánico de búsquedas en zonas aledañas y aumentar las conversiones.,Alimentos y Bebidas
Boutique Obregón Express,999 635 2607,Ninguna,Reseñas variables y falta de sitio web que dé confianza.,Una web profesional y herramientas de atención automática mejorarían la percepción de servicio y ayudarían a captar mejores testimonios.,Comercio Local (Retail / Servicios)
Gimnasio Ruiz,999 970 3144,facebook.com,Solo página de Facebook desactualizada.,Web propia con botón directo a WhatsApp y mapa interactivo para captar clientes que hoy se perdían en distracciones de redes.,Fitness y Deportes
Ropa May,999 290 1866,wa.me,Solo link de WhatsApp en perfil.,Sitio web estructurado como embudo de ventas conectado a WhatsApp para perfilar el interés antes del contacto.,Comercio Local (Retail / Servicios)
Taquería García Ginerés Plus,999 406 9775,instagram.com,Solo página de Instagram sin enlaces de reserva.,Portafolio de trabajos y agenda online en web propia para proyectar mayor nivel y automatizar las reservas de citas directas.,Alimentos y Bebidas
Estética San José,999 426 3571,instagram.com,Solo página de Instagram sin enlaces de reserva.,Portafolio de trabajos y agenda online en web propia para proyectar mayor nivel y automatizar las reservas de citas directas.,Belleza y Estética
Farmacia Ku Studio,999 751 1160,Ninguna,Reseñas variables y falta de sitio web que dé confianza.,Una web profesional y herramientas de atención automática mejorarían la percepción de servicio y ayudarían a captar mejores testimonios.,Salud y Medicina
Automotriz Chan,999 378 8653,Ninguna,Sin sitio web (presencia basada solo en Maps).,Una Landing Page con SEO local permitiría captar tráfico orgánico de búsquedas en zonas aledañas y aumentar las conversiones.,Automotriz
Fitness Balam,999 296 3676,Ninguna,Sin sitio web (presencia basada solo en Maps).,Una Landing Page con SEO local permitiría captar tráfico orgánico de búsquedas en zonas aledañas y aumentar las conversiones.,Fitness y Deportes
Veterinaria Norte Studio,999 120 5722,wa.me,Solo link de WhatsApp en perfil.,Sitio web estructurado como embudo de ventas conectado a WhatsApp para perfilar el interés antes del contacto.,Mascotas y Veterinaria
Farmacia Hernández,999 371 6404,Ninguna,Sin sitio web (presencia basada solo en Maps).,Una Landing Page con SEO local permitiría captar tráfico orgánico de búsquedas en zonas aledañas y aumentar las conversiones.,Salud y Medicina
Papelería Dzib Familiar,999 410 8945,Ninguna,Sin sitio web (presencia basada solo en Maps).,Una Landing Page con SEO local permitiría captar tráfico orgánico de búsquedas en zonas aledañas y aumentar las conversiones.,Comercio Local (Retail / Servicios)
Crossfit Dzib,999 880 3366,instagram.com,Solo página de Instagram sin enlaces de reserva.,Portafolio de trabajos y agenda online en web propia para proyectar mayor nivel y automatizar las reservas de citas directas.,Fitness y Deportes
Consultorio Obregón,999 875 3204,Ninguna,Sin sitio web ni sistema de reservas.,Agenda online interactiva 24/7 para permitir citas fuera de horario y reducir carga telefónica.,Salud y Medicina
Salón de Belleza Canek,999 812 6064,Ninguna,Sin sitio web (presencia basada solo en Maps).,Una Landing Page con SEO local permitiría captar tráfico orgánico de búsquedas en zonas aledañas y aumentar las conversiones.,Belleza y Estética
Salón de Belleza Mendoza Express,999 606 2253,instagram.com,Solo página de Instagram sin enlaces de reserva.,Portafolio de trabajos y agenda online en web propia para proyectar mayor nivel y automatizar las reservas de citas directas.,Belleza y Estética
Mecánica Reyes,999 395 1001,wa.me,Solo link de WhatsApp en perfil.,Sitio web estructurado como embudo de ventas conectado a WhatsApp para perfilar el interés antes del contacto.,Automotriz
Salón de Belleza San Ramón,999 578 1139,wa.me,Solo link de WhatsApp en perfil.,Sitio web estructurado como embudo de ventas conectado a WhatsApp para perfilar el interés antes del contacto.,Belleza y Estética
Ropa Itzimná,999 788 6423,facebook.com,Solo página de Facebook desactualizada.,Web propia con botón directo a WhatsApp y mapa interactivo para captar clientes que hoy se perdían en distracciones de redes.,Comercio Local (Retail / Servicios)
Automotriz Cruz y Asociados,999 230 9916,instagram.com,Solo página de Instagram sin enlaces de reserva.,Portafolio de trabajos y agenda online en web propia para proyectar mayor nivel y automatizar las reservas de citas directas.,Automotriz
Veterinaria Centro,999 641 8435,Ninguna,Sin sitio web (presencia basada solo en Maps).,Una Landing Page con SEO local permitiría captar tráfico orgánico de búsquedas en zonas aledañas y aumentar las conversiones.,Mascotas y Veterinaria
Boutique Aguilar Express,999 321 1163,blogspot.com / wixsite,Dominio gratuito o en plataforma de terceros no optimizada.,Migrar a una web moderna con dominio propio (.com o .mx) y diseño responsive para aumentar dramáticamente la autoridad percibida.,Comercio Local (Retail / Servicios)
Materiales Canul Avenida,999 366 6839,instagram.com,Solo página de Instagram sin enlaces de reserva.,Portafolio de trabajos y agenda online en web propia para proyectar mayor nivel y automatizar las reservas de citas directas.,Comercio Local (Retail / Servicios)
Gimnasio Dzityá,999 565 3791,instagram.com,Solo página de Instagram sin enlaces de reserva.,Portafolio de trabajos y agenda online en web propia para proyectar mayor nivel y automatizar las reservas de citas directas.,Fitness y Deportes
Restaurante Itzimná Plaza,999 375 1420,facebook.com,Solo página de Facebook desactualizada.,Web propia con botón directo a WhatsApp y mapa interactivo para captar clientes que hoy se perdían en distracciones de redes.,Alimentos y Bebidas
Papelería Hidalgo,999 978 1011,wa.me,Solo link de WhatsApp en perfil.,Sitio web estructurado como embudo de ventas conectado a WhatsApp para perfilar el interés antes del contacto.,Comercio Local (Retail / Servicios)
Taller Mérida,999 839 5824,facebook.com,Solo página de Facebook desactualizada.,Web propia con botón directo a WhatsApp y mapa interactivo para captar clientes que hoy se perdían en distracciones de redes.,Automotriz
Cafetería Reyes,999 169 6998,instagram.com,Solo página de Instagram sin enlaces de reserva.,Portafolio de trabajos y agenda online en web propia para proyectar mayor nivel y automatizar las reservas de citas directas.,Alimentos y Bebidas
Centro Médico Castillo y Asociados,999 378 2248,wa.me,Solo link de WhatsApp en perfil.,Sitio web estructurado como embudo de ventas conectado a WhatsApp para perfilar el interés antes del contacto.,Salud y Medicina
Centro Médico Gómez Familiar,999 844 4821,Ninguna,No tiene sitio web propio ni redes optimizadas.,Catálogo de servicios y precios en web propia para facilitar la decisión de compra sin necesidad de contacto inicial.,Salud y Medicina
Ropa Ramírez Plus,999 392 7264,instagram.com,Solo página de Instagram sin enlaces de reserva.,Portafolio de trabajos y agenda online en web propia para proyectar mayor nivel y automatizar las reservas de citas directas.,Comercio Local (Retail / Servicios)
Ropa Gutiérrez,999 304 4238,blogspot.com / wixsite,Dominio gratuito o en plataforma de terceros no optimizada.,Migrar a una web moderna con dominio propio (.com o .mx) y diseño responsive para aumentar dramáticamente la autoridad percibida.,Comercio Local (Retail / Servicios)
Farmacia Morales Familiar,999 228 3655,instagram.com,Solo página de Instagram sin enlaces de reserva.,Portafolio de trabajos y agenda online en web propia para proyectar mayor nivel y automatizar las reservas de citas directas.,Salud y Medicina
Gimnasio Canul Premium,999 324 6622,facebook.com,Solo página de Facebook desactualizada.,Web propia con botón directo a WhatsApp y mapa interactivo para captar clientes que hoy se perdían en distracciones de redes.,Fitness y Deportes
Ropa Balam Avenida,999 352 3629,Ninguna,Sin sitio web ni sistema de reservas.,Agenda online interactiva 24/7 para permitir citas fuera de horario y reducir carga telefónica.,Comercio Local (Retail / Servicios)
Salón de Belleza Los Héroes,999 651 2768,Ninguna,Sin sitio web (presencia basada solo en Maps).,Una Landing Page con SEO local permitiría captar tráfico orgánico de búsquedas en zonas aledañas y aumentar las conversiones.,Belleza y Estética
Pet Shop Jiménez,999 369 7695,Ninguna,Reseñas variables y falta de sitio web que dé confianza.,Una web profesional y herramientas de atención automática mejorarían la percepción de servicio y ayudarían a captar mejores testimonios.,Mascotas y Veterinaria
Crossfit Gutiérrez Hermanos,999 113 1697,Ninguna,Sin sitio web (presencia basada solo en Maps).,Una Landing Page con SEO local permitiría captar tráfico orgánico de búsquedas en zonas aledañas y aumentar las conversiones.,Fitness y Deportes
Consultorio Cruz,999 368 5322,instagram.com,Solo página de Instagram sin enlaces de reserva.,Portafolio de trabajos y agenda online en web propia para proyectar mayor nivel y automatizar las reservas de citas directas.,Salud y Medicina
Gimnasio Ortiz,999 130 6791,blogspot.com / wixsite,Dominio gratuito o en plataforma de terceros no optimizada.,Migrar a una web moderna con dominio propio (.com o .mx) y diseño responsive para aumentar dramáticamente la autoridad percibida.,Fitness y Deportes
Taquería Chávez 24/7,999 478 6350,Ninguna,Sin sitio web ni sistema de reservas.,Agenda online interactiva 24/7 para permitir citas fuera de horario y reducir carga telefónica.,Alimentos y Bebidas
Papelería San José,999 929 3065,facebook.com,Solo página de Facebook desactualizada.,Web propia con botón directo a WhatsApp y mapa interactivo para captar clientes que hoy se perdían en distracciones de redes.,Comercio Local (Retail / Servicios)
Veterinaria Madero,999 963 1527,Ninguna,No tiene sitio web propio ni redes optimizadas.,Catálogo de servicios y precios en web propia para facilitar la decisión de compra sin necesidad de contacto inicial.,Mascotas y Veterinaria
Gimnasio Fernández Hermanos,999 859 4689,Ninguna,Reseñas variables y falta de sitio web que dé confianza.,Una web profesional y herramientas de atención automática mejorarían la percepción de servicio y ayudarían a captar mejores testimonios.,Fitness y Deportes
Veterinaria Progreso,999 580 8950,blogspot.com / wixsite,Dominio gratuito o en plataforma de terceros no optimizada.,Migrar a una web moderna con dominio propio (.com o .mx) y diseño responsive para aumentar dramáticamente la autoridad percibida.,Mascotas y Veterinaria
Ferretería Cen,999 176 9422,facebook.com,Solo página de Facebook desactualizada.,Web propia con botón directo a WhatsApp y mapa interactivo para captar clientes que hoy se perdían en distracciones de redes.,Comercio Local (Retail / Servicios)
Veterinaria Gómez Studio,999 206 7465,Ninguna,Sin sitio web ni sistema de reservas.,Agenda online interactiva 24/7 para permitir citas fuera de horario y reducir carga telefónica.,Mascotas y Veterinaria
Veterinaria Peninsular,999 250 9368,Ninguna,Sin sitio web (presencia basada solo en Maps).,Una Landing Page con SEO local permitiría captar tráfico orgánico de búsquedas en zonas aledañas y aumentar las conversiones.,Mascotas y Veterinaria
Mecánica Oriente,999 458 9588,instagram.com,Solo página de Instagram sin enlaces de reserva.,Portafolio de trabajos y agenda online en web propia para proyectar mayor nivel y automatizar las reservas de citas directas.,Automotriz
Taller Chávez,999 864 8020,Ninguna,No tiene sitio web propio ni redes optimizadas.,Catálogo de servicios y precios en web propia para facilitar la decisión de compra sin necesidad de contacto inicial.,Automotriz
Copias Pech,999 627 5461,Ninguna,Sin sitio web ni sistema de reservas.,Agenda online interactiva 24/7 para permitir citas fuera de horario y reducir carga telefónica.,Comercio Local (Retail / Servicios)
Ferretería Vargas,999 388 6296,facebook.com,Solo página de Facebook desactualizada.,Web propia con botón directo a WhatsApp y mapa interactivo para captar clientes que hoy se perdían en distracciones de redes.,Comercio Local (Retail / Servicios)
Barbería Maya Center,999 750 8114,Ninguna,Sin sitio web (presencia basada solo en Maps).,Una Landing Page con SEO local permitiría captar tráfico orgánico de búsquedas en zonas aledañas y aumentar las conversiones.,Belleza y Estética
Dental La Esperanza,999 962 2144,wa.me,Solo link de WhatsApp en perfil.,Sitio web estructurado como embudo de ventas conectado a WhatsApp para perfilar el interés antes del contacto.,Salud y Medicina
Pizzería Díaz,999 709 6587,Ninguna,No tiene sitio web propio ni redes optimizadas.,Catálogo de servicios y precios en web propia para facilitar la decisión de compra sin necesidad de contacto inicial.,Alimentos y Bebidas
Taquería Juárez y Asociados,999 134 1500,blogspot.com / wixsite,Dominio gratuito o en plataforma de terceros no optimizada.,Migrar a una web moderna con dominio propio (.com o .mx) y diseño responsive para aumentar dramáticamente la autoridad percibida.,Alimentos y Bebidas
Veterinaria San José Center,999 780 7388,Ninguna,Reseñas variables y falta de sitio web que dé confianza.,Una web profesional y herramientas de atención automática mejorarían la percepción de servicio y ayudarían a captar mejores testimonios.,Mascotas y Veterinaria
Carnicería San José,999 553 8450,wa.me,Solo link de WhatsApp en perfil.,Sitio web estructurado como embudo de ventas conectado a WhatsApp para perfilar el interés antes del contacto.,Alimentos y Bebidas
Carnicería Treviño,999 618 2952,Ninguna,Reseñas variables y falta de sitio web que dé confianza.,Una web profesional y herramientas de atención automática mejorarían la percepción de servicio y ayudarían a captar mejores testimonios.,Alimentos y Bebidas
Centro Médico Hidalgo,999 157 3986,Ninguna,No tiene sitio web propio ni redes optimizadas.,Catálogo de servicios y precios en web propia para facilitar la decisión de compra sin necesidad de contacto inicial.,Salud y Medicina
Dental Romero,999 781 2737,facebook.com,Solo página de Facebook desactualizada.,Web propia con botón directo a WhatsApp y mapa interactivo para captar clientes que hoy se perdían en distracciones de redes.,Salud y Medicina
Automotriz Reyes del Parque,999 617 2956,Ninguna,Sin sitio web (presencia basada solo en Maps).,Una Landing Page con SEO local permitiría captar tráfico orgánico de búsquedas en zonas aledañas y aumentar las conversiones.,Automotriz
Ropa Hidalgo Center,999 246 3548,facebook.com,Solo página de Facebook desactualizada.,Web propia con botón directo a WhatsApp y mapa interactivo para captar clientes que hoy se perdían en distracciones de redes.,Comercio Local (Retail / Servicios)
Taquería Cen,999 116 1671,instagram.com,Solo página de Instagram sin enlaces de reserva.,Portafolio de trabajos y agenda online en web propia para proyectar mayor nivel y automatizar las reservas de citas directas.,Alimentos y Bebidas
Papelería Tun,999 202 1336,Ninguna,Sin sitio web ni sistema de reservas.,Agenda online interactiva 24/7 para permitir citas fuera de horario y reducir carga telefónica.,Comercio Local (Retail / Servicios)
Estética López Familiar,999 121 9083,Ninguna,Sin sitio web ni sistema de reservas.,Agenda online interactiva 24/7 para permitir citas fuera de horario y reducir carga telefónica.,Belleza y Estética
Consultorio Vargas,999 633 7312,facebook.com,Solo página de Facebook desactualizada.,Web propia con botón directo a WhatsApp y mapa interactivo para captar clientes que hoy se perdían en distracciones de redes.,Salud y Medicina
Cafetería Maya Premium,999 683 1942,blogspot.com / wixsite,Dominio gratuito o en plataforma de terceros no optimizada.,Migrar a una web moderna con dominio propio (.com o .mx) y diseño responsive para aumentar dramáticamente la autoridad percibida.,Alimentos y Bebidas
Materiales Las Américas,999 961 7279,Ninguna,No tiene sitio web propio ni redes optimizadas.,Catálogo de servicios y precios en web propia para facilitar la decisión de compra sin necesidad de contacto inicial.,Comercio Local (Retail / Servicios)
Consultorio Centro,999 539 6737,Ninguna,Sin sitio web ni sistema de reservas.,Agenda online interactiva 24/7 para permitir citas fuera de horario y reducir carga telefónica.,Salud y Medicina
Boutique Pech,999 653 2012,Ninguna,Sin sitio web (presencia basada solo en Maps).,Una Landing Page con SEO local permitiría captar tráfico orgánico de búsquedas en zonas aledañas y aumentar las conversiones.,Comercio Local (Retail / Servicios)
Ferretería Dzib,999 790 4916,Ninguna,Sin sitio web ni sistema de reservas.,Agenda online interactiva 24/7 para permitir citas fuera de horario y reducir carga telefónica.,Comercio Local (Retail / Servicios)
Consultorio Los Héroes Avenida,999 921 9511,wa.me,Solo link de WhatsApp en perfil.,Sitio web estructurado como embudo de ventas conectado a WhatsApp para perfilar el interés antes del contacto.,Salud y Medicina
Dental Peninsular,999 875 9375,Ninguna,Reseñas variables y falta de sitio web que dé confianza.,Una web profesional y herramientas de atención automática mejorarían la percepción de servicio y ayudarían a captar mejores testimonios.,Salud y Medicina
Copias San José,999 128 6892,blogspot.com / wixsite,Dominio gratuito o en plataforma de terceros no optimizada.,Migrar a una web moderna con dominio propio (.com o .mx) y diseño responsive para aumentar dramáticamente la autoridad percibida.,Comercio Local (Retail / Servicios)
Asadero Fernández Familiar,999 235 1463,wa.me,Solo link de WhatsApp en perfil.,Sitio web estructurado como embudo de ventas conectado a WhatsApp para perfilar el interés antes del contacto.,Alimentos y Bebidas
Zapatería Montejo Studio,999 103 9168,instagram.com,Solo página de Instagram sin enlaces de reserva.,Portafolio de trabajos y agenda online en web propia para proyectar mayor nivel y automatizar las reservas de citas directas.,Comercio Local (Retail / Servicios)
Taller Norte,999 322 1027,Ninguna,No tiene sitio web propio ni redes optimizadas.,Catálogo de servicios y precios en web propia para facilitar la decisión de compra sin necesidad de contacto inicial.,Automotriz
Centro Médico Ortiz,999 266 7772,Ninguna,Sin sitio web ni sistema de reservas.,Agenda online interactiva 24/7 para permitir citas fuera de horario y reducir carga telefónica.,Salud y Medicina
Taquería Mérida,999 952 7008,wa.me,Solo link de WhatsApp en perfil.,Sitio web estructurado como embudo de ventas conectado a WhatsApp para perfilar el interés antes del contacto.,Alimentos y Bebidas
Asadero García Ginerés,999 904 7526,Ninguna,Reseñas variables y falta de sitio web que dé confianza.,Una web profesional y herramientas de atención automática mejorarían la percepción de servicio y ayudarían a captar mejores testimonios.,Alimentos y Bebidas
Estética Sur,999 553 6745,instagram.com,Solo página de Instagram sin enlaces de reserva.,Portafolio de trabajos y agenda online en web propia para proyectar mayor nivel y automatizar las reservas de citas directas.,Belleza y Estética
Crossfit Fernández,999 110 3287,blogspot.com / wixsite,Dominio gratuito o en plataforma de terceros no optimizada.,Migrar a una web moderna con dominio propio (.com o .mx) y diseño responsive para aumentar dramáticamente la autoridad percibida.,Fitness y Deportes
Fitness Reyes Premium,999 643 4381,instagram.com,Solo página de Instagram sin enlaces de reserva.,Portafolio de trabajos y agenda online en web propia para proyectar mayor nivel y automatizar las reservas de citas directas.,Fitness y Deportes
Carnicería Aguilar Express,999 132 2708,facebook.com,Solo página de Facebook desactualizada.,Web propia con botón directo a WhatsApp y mapa interactivo para captar clientes que hoy se perdían en distracciones de redes.,Alimentos y Bebidas
Cafetería Martínez,999 268 5692,Ninguna,No tiene sitio web propio ni redes optimizadas.,Catálogo de servicios y precios en web propia para facilitar la decisión de compra sin necesidad de contacto inicial.,Alimentos y Bebidas
Cafetería Sánchez Pro,999 973 9042,Ninguna,Sin sitio web (presencia basada solo en Maps).,Una Landing Page con SEO local permitiría captar tráfico orgánico de búsquedas en zonas aledañas y aumentar las conversiones.,Alimentos y Bebidas
Consultorio Temozón,999 222 3631,Ninguna,Sin sitio web ni sistema de reservas.,Agenda online interactiva 24/7 para permitir citas fuera de horario y reducir carga telefónica.,Salud y Medicina
Veterinaria Campestre,999 459 7940,Ninguna,Reseñas variables y falta de sitio web que dé confianza.,Una web profesional y herramientas de atención automática mejorarían la percepción de servicio y ayudarían a captar mejores testimonios.,Mascotas y Veterinaria
Tintorería Reyes,999 166 4453,instagram.com,Solo página de Instagram sin enlaces de reserva.,Portafolio de trabajos y agenda online en web propia para proyectar mayor nivel y automatizar las reservas de citas directas.,Comercio Local (Retail / Servicios)
Cafetería Hidalgo del Parque,999 212 1704,Ninguna,Reseñas variables y falta de sitio web que dé confianza.,Una web profesional y herramientas de atención automática mejorarían la percepción de servicio y ayudarían a captar mejores testimonios.,Alimentos y Bebidas
Papelería Montejo y Asociados,999 157 1763,instagram.com,Solo página de Instagram sin enlaces de reserva.,Portafolio de trabajos y agenda online en web propia para proyectar mayor nivel y automatizar las reservas de citas directas.,Comercio Local (Retail / Servicios)
Farmacia Canek,999 517 4251,Ninguna,Sin sitio web (presencia basada solo en Maps).,Una Landing Page con SEO local permitiría captar tráfico orgánico de búsquedas en zonas aledañas y aumentar las conversiones.,Salud y Medicina
Automotriz Álvarez,999 751 2594,blogspot.com / wixsite,Dominio gratuito o en plataforma de terceros no optimizada.,Migrar a una web moderna con dominio propio (.com o .mx) y diseño responsive para aumentar dramáticamente la autoridad percibida.,Automotriz
Crossfit Canto Plus,999 162 9800,Ninguna,No tiene sitio web propio ni redes optimizadas.,Catálogo de servicios y precios en web propia para facilitar la decisión de compra sin necesidad de contacto inicial.,Fitness y Deportes
Papelería Balam,999 855 4989,Ninguna,Reseñas variables y falta de sitio web que dé confianza.,Una web profesional y herramientas de atención automática mejorarían la percepción de servicio y ayudarían a captar mejores testimonios.,Comercio Local (Retail / Servicios)
Pizzería Obregón,999 715 6034,wa.me,Solo link de WhatsApp en perfil.,Sitio web estructurado como embudo de ventas conectado a WhatsApp para perfilar el interés antes del contacto.,Alimentos y Bebidas
Centro Médico Dzityá,999 113 5866,Ninguna,No tiene sitio web propio ni redes optimizadas.,Catálogo de servicios y precios en web propia para facilitar la decisión de compra sin necesidad de contacto inicial.,Salud y Medicina
Lavandería Cholul,999 561 7940,wa.me,Solo link de WhatsApp en perfil.,Sitio web estructurado como embudo de ventas conectado a WhatsApp para perfilar el interés antes del contacto.,Comercio Local (Retail / Servicios)
Ropa Chávez,999 311 1935,Ninguna,Sin sitio web ni sistema de reservas.,Agenda online interactiva 24/7 para permitir citas fuera de horario y reducir carga telefónica.,Comercio Local (Retail / Servicios)
Consultorio Sánchez,999 706 5342,Ninguna,Sin sitio web ni sistema de reservas.,Agenda online interactiva 24/7 para permitir citas fuera de horario y reducir carga telefónica.,Salud y Medicina
Crossfit Pensiones,999 655 7356,Ninguna,Reseñas variables y falta de sitio web que dé confianza.,Una web profesional y herramientas de atención automática mejorarían la percepción de servicio y ayudarían a captar mejores testimonios.,Fitness y Deportes
Mecánica Los Héroes Center,999 469 8541,blogspot.com / wixsite,Dominio gratuito o en plataforma de terceros no optimizada.,Migrar a una web moderna con dominio propio (.com o .mx) y diseño responsive para aumentar dramáticamente la autoridad percibida.,Automotriz
Materiales Madero,999 484 8608,instagram.com,Solo página de Instagram sin enlaces de reserva.,Portafolio de trabajos y agenda online en web propia para proyectar mayor nivel y automatizar las reservas de citas directas.,Comercio Local (Retail / Servicios)
Automotriz López,999 595 1701,wa.me,Solo link de WhatsApp en perfil.,Sitio web estructurado como embudo de ventas conectado a WhatsApp para perfilar el interés antes del contacto.,Automotriz
Asadero Los Héroes Hermanos,999 854 9998,wa.me,Solo link de WhatsApp en perfil.,Sitio web estructurado como embudo de ventas conectado a WhatsApp para perfilar el interés antes del contacto.,Alimentos y Bebidas
Pizzería Campestre,999 848 7091,Ninguna,Sin sitio web (presencia basada solo en Maps).,Una Landing Page con SEO local permitiría captar tráfico orgánico de búsquedas en zonas aledañas y aumentar las conversiones.,Alimentos y Bebidas
Crossfit Chuburná,999 105 9572,Ninguna,Reseñas variables y falta de sitio web que dé confianza.,Una web profesional y herramientas de atención automática mejorarían la percepción de servicio y ayudarían a captar mejores testimonios.,Fitness y Deportes
Clínica May Studio,999 771 3986,Ninguna,Sin sitio web (presencia basada solo en Maps).,Una Landing Page con SEO local permitiría captar tráfico orgánico de búsquedas en zonas aledañas y aumentar las conversiones.,Salud y Medicina
Taller Medina Pro,999 388 3394,Ninguna,No tiene sitio web propio ni redes optimizadas.,Catálogo de servicios y precios en web propia para facilitar la decisión de compra sin necesidad de contacto inicial.,Automotriz
Taquería Treviño,999 861 8919,wa.me,Solo link de WhatsApp en perfil.,Sitio web estructurado como embudo de ventas conectado a WhatsApp para perfilar el interés antes del contacto.,Alimentos y Bebidas
Ropa Norte,999 840 6689,facebook.com,Solo página de Facebook desactualizada.,Web propia con botón directo a WhatsApp y mapa interactivo para captar clientes que hoy se perdían en distracciones de redes.,Comercio Local (Retail / Servicios)
Clínica Rodríguez Plaza,999 132 7607,Ninguna,Sin sitio web (presencia basada solo en Maps).,Una Landing Page con SEO local permitiría captar tráfico orgánico de búsquedas en zonas aledañas y aumentar las conversiones.,Salud y Medicina
Dental García Ginerés Familiar,999 859 3403,Ninguna,Sin sitio web (presencia basada solo en Maps).,Una Landing Page con SEO local permitiría captar tráfico orgánico de búsquedas en zonas aledañas y aumentar las conversiones.,Salud y Medicina
Veterinaria Chávez Premium,999 624 3407,facebook.com,Solo página de Facebook desactualizada.,Web propia con botón directo a WhatsApp y mapa interactivo para captar clientes que hoy se perdían en distracciones de redes.,Mascotas y Veterinaria
Veterinaria Canul 24/7,999 821 3974,instagram.com,Solo página de Instagram sin enlaces de reserva.,Portafolio de trabajos y agenda online en web propia para proyectar mayor nivel y automatizar las reservas de citas directas.,Mascotas y Veterinaria
Clínica Gómez,999 205 4110,Ninguna,Sin sitio web ni sistema de reservas.,Agenda online interactiva 24/7 para permitir citas fuera de horario y reducir carga telefónica.,Salud y Medicina
Boutique García Studio,999 828 9124,Ninguna,No tiene sitio web propio ni redes optimizadas.,Catálogo de servicios y precios en web propia para facilitar la decisión de compra sin necesidad de contacto inicial.,Comercio Local (Retail / Servicios)
Estética Dzityá,999 525 7795,Ninguna,No tiene sitio web propio ni redes optimizadas.,Catálogo de servicios y precios en web propia para facilitar la decisión de compra sin necesidad de contacto inicial.,Belleza y Estética
Fitness Gómez 24/7,999 676 5953,facebook.com,Solo página de Facebook desactualizada.,Web propia con botón directo a WhatsApp y mapa interactivo para captar clientes que hoy se perdían en distracciones de redes.,Fitness y Deportes
Dental Chi,999 433 1789,Ninguna,Reseñas variables y falta de sitio web que dé confianza.,Una web profesional y herramientas de atención automática mejorarían la percepción de servicio y ayudarían a captar mejores testimonios.,Salud y Medicina
Hamburguesas Martínez Center,999 670 9509,facebook.com,Solo página de Facebook desactualizada.,Web propia con botón directo a WhatsApp y mapa interactivo para captar clientes que hoy se perdían en distracciones de redes.,Alimentos y Bebidas
Restaurante Brisas,999 575 4582,Ninguna,Sin sitio web ni sistema de reservas.,Agenda online interactiva 24/7 para permitir citas fuera de horario y reducir carga telefónica.,Alimentos y Bebidas
Taquería Jiménez Avenida,999 621 6844,blogspot.com / wixsite,Dominio gratuito o en plataforma de terceros no optimizada.,Migrar a una web moderna con dominio propio (.com o .mx) y diseño responsive para aumentar dramáticamente la autoridad percibida.,Alimentos y Bebidas
Ropa Gómez,999 139 7419,Ninguna,Sin sitio web ni sistema de reservas.,Agenda online interactiva 24/7 para permitir citas fuera de horario y reducir carga telefónica.,Comercio Local (Retail / Servicios)
Boutique Guzmán,999 229 7244,Ninguna,Reseñas variables y falta de sitio web que dé confianza.,Una web profesional y herramientas de atención automática mejorarían la percepción de servicio y ayudarían a captar mejores testimonios.,Comercio Local (Retail / Servicios)
Copias Rodríguez,999 175 7191,instagram.com,Solo página de Instagram sin enlaces de reserva.,Portafolio de trabajos y agenda online en web propia para proyectar mayor nivel y automatizar las reservas de citas directas.,Comercio Local (Retail / Servicios)
Boutique Aguilar,999 765 4279,facebook.com,Solo página de Facebook desactualizada.,Web propia con botón directo a WhatsApp y mapa interactivo para captar clientes que hoy se perdían en distracciones de redes.,Comercio Local (Retail / Servicios)
Papelería Mérida,999 132 6835,wa.me,Solo link de WhatsApp en perfil.,Sitio web estructurado como embudo de ventas conectado a WhatsApp para perfilar el interés antes del contacto.,Comercio Local (Retail / Servicios)
Gimnasio Dzib,999 761 1442,Ninguna,Reseñas variables y falta de sitio web que dé confianza.,Una web profesional y herramientas de atención automática mejorarían la percepción de servicio y ayudarían a captar mejores testimonios.,Fitness y Deportes
Estética Morales,999 451 2484,instagram.com,Solo página de Instagram sin enlaces de reserva.,Portafolio de trabajos y agenda online en web propia para proyectar mayor nivel y automatizar las reservas de citas directas.,Belleza y Estética
Pizzería Rodríguez y Asociados,999 799 3357,Ninguna,No tiene sitio web propio ni redes optimizadas.,Catálogo de servicios y precios en web propia para facilitar la decisión de compra sin necesidad de contacto inicial.,Alimentos y Bebidas
Veterinaria Guzmán,999 848 4786,Ninguna,Sin sitio web (presencia basada solo en Maps).,Una Landing Page con SEO local permitiría captar tráfico orgánico de búsquedas en zonas aledañas y aumentar las conversiones.,Mascotas y Veterinaria
Barbería Pérez,999 944 3174,Ninguna,No tiene sitio web propio ni redes optimizadas.,Catálogo de servicios y precios en web propia para facilitar la decisión de compra sin necesidad de contacto inicial.,Belleza y Estética
Automotriz Conkal,999 626 5257,blogspot.com / wixsite,Dominio gratuito o en plataforma de terceros no optimizada.,Migrar a una web moderna con dominio propio (.com o .mx) y diseño responsive para aumentar dramáticamente la autoridad percibida.,Automotriz
Taquería Hidalgo y Asociados,999 482 8163,Ninguna,Sin sitio web ni sistema de reservas.,Agenda online interactiva 24/7 para permitir citas fuera de horario y reducir carga telefónica.,Alimentos y Bebidas
Tintorería Maya del Parque,999 126 8003,Ninguna,Reseñas variables y falta de sitio web que dé confianza.,Una web profesional y herramientas de atención automática mejorarían la percepción de servicio y ayudarían a captar mejores testimonios.,Comercio Local (Retail / Servicios)
Dental Reyes,999 419 8081,blogspot.com / wixsite,Dominio gratuito o en plataforma de terceros no optimizada.,Migrar a una web moderna con dominio propio (.com o .mx) y diseño responsive para aumentar dramáticamente la autoridad percibida.,Salud y Medicina
Pet Shop Francisco de Montejo,999 240 6271,Ninguna,Reseñas variables y falta de sitio web que dé confianza.,Una web profesional y herramientas de atención automática mejorarían la percepción de servicio y ayudarían a captar mejores testimonios.,Mascotas y Veterinaria
Carnicería Castillo Avenida,999 383 2345,Ninguna,No tiene sitio web propio ni redes optimizadas.,Catálogo de servicios y precios en web propia para facilitar la decisión de compra sin necesidad de contacto inicial.,Alimentos y Bebidas
Clínica Hidalgo Express,999 193 6506,Ninguna,No tiene sitio web propio ni redes optimizadas.,Catálogo de servicios y precios en web propia para facilitar la decisión de compra sin necesidad de contacto inicial.,Salud y Medicina
Veterinaria Medina,999 370 7532,Ninguna,Sin sitio web ni sistema de reservas.,Agenda online interactiva 24/7 para permitir citas fuera de horario y reducir carga telefónica.,Mascotas y Veterinaria
Lavandería Herrera,999 305 7166,blogspot.com / wixsite,Dominio gratuito o en plataforma de terceros no optimizada.,Migrar a una web moderna con dominio propio (.com o .mx) y diseño responsive para aumentar dramáticamente la autoridad percibida.,Comercio Local (Retail / Servicios)
Cafetería Chávez,999 655 2264,Ninguna,No tiene sitio web propio ni redes optimizadas.,Catálogo de servicios y precios en web propia para facilitar la decisión de compra sin necesidad de contacto inicial.,Alimentos y Bebidas
Taquería Flores,999 890 4620,facebook.com,Solo página de Facebook desactualizada.,Web propia con botón directo a WhatsApp y mapa interactivo para captar clientes que hoy se perdían en distracciones de redes.,Alimentos y Bebidas
Zapatería Castillo del Parque,999 916 1902,Ninguna,Reseñas variables y falta de sitio web que dé confianza.,Una web profesional y herramientas de atención automática mejorarían la percepción de servicio y ayudarían a captar mejores testimonios.,Comercio Local (Retail / Servicios)
Gimnasio Canek Express,999 347 2339,facebook.com,Solo página de Facebook desactualizada.,Web propia con botón directo a WhatsApp y mapa interactivo para captar clientes que hoy se perdían en distracciones de redes.,Fitness y Deportes
Estética Oriente 24/7,999 673 9852,facebook.com,Solo página de Facebook desactualizada.,Web propia con botón directo a WhatsApp y mapa interactivo para captar clientes que hoy se perdían en distracciones de redes.,Belleza y Estética
Materiales Morales,999 650 5897,blogspot.com / wixsite,Dominio gratuito o en plataforma de terceros no optimizada.,Migrar a una web moderna con dominio propio (.com o .mx) y diseño responsive para aumentar dramáticamente la autoridad percibida.,Comercio Local (Retail / Servicios)
Crossfit Dzib Center,999 626 7682,Ninguna,Sin sitio web ni sistema de reservas.,Agenda online interactiva 24/7 para permitir citas fuera de horario y reducir carga telefónica.,Fitness y Deportes
Salón de Belleza Chuburná,999 617 5961,Ninguna,No tiene sitio web propio ni redes optimizadas.,Catálogo de servicios y precios en web propia para facilitar la decisión de compra sin necesidad de contacto inicial.,Belleza y Estética
Lavandería Guzmán Express,999 476 1352,Ninguna,No tiene sitio web propio ni redes optimizadas.,Catálogo de servicios y precios en web propia para facilitar la decisión de compra sin necesidad de contacto inicial.,Comercio Local (Retail / Servicios)
Automotriz Maya,999 320 3039,facebook.com,Solo página de Facebook desactualizada.,Web propia con botón directo a WhatsApp y mapa interactivo para captar clientes que hoy se perdían en distracciones de redes.,Automotriz
Salón de Belleza Pérez,999 332 1317,Ninguna,Sin sitio web ni sistema de reservas.,Agenda online interactiva 24/7 para permitir citas fuera de horario y reducir carga telefónica.,Belleza y Estética
Lavandería Garza Plaza,999 952 6173,Ninguna,No tiene sitio web propio ni redes optimizadas.,Catálogo de servicios y precios en web propia para facilitar la decisión de compra sin necesidad de contacto inicial.,Comercio Local (Retail / Servicios)
Zapatería Temozón Familiar,999 943 5028,blogspot.com / wixsite,Dominio gratuito o en plataforma de terceros no optimizada.,Migrar a una web moderna con dominio propio (.com o .mx) y diseño responsive para aumentar dramáticamente la autoridad percibida.,Comercio Local (Retail / Servicios)
Boutique San José,999 514 8499,blogspot.com / wixsite,Dominio gratuito o en plataforma de terceros no optimizada.,Migrar a una web moderna con dominio propio (.com o .mx) y diseño responsive para aumentar dramáticamente la autoridad percibida.,Comercio Local (Retail / Servicios)
Consultorio Peninsular Pro,999 921 5491,facebook.com,Solo página de Facebook desactualizada.,Web propia con botón directo a WhatsApp y mapa interactivo para captar clientes que hoy se perdían en distracciones de redes.,Salud y Medicina
Veterinaria Itzimná,999 505 2481,Ninguna,No tiene sitio web propio ni redes optimizadas.,Catálogo de servicios y precios en web propia para facilitar la decisión de compra sin necesidad de contacto inicial.,Mascotas y Veterinaria
Centro Médico Sánchez,999 308 7829,wa.me,Solo link de WhatsApp en perfil.,Sitio web estructurado como embudo de ventas conectado a WhatsApp para perfilar el interés antes del contacto.,Salud y Medicina
Estética Méndez Plus,999 749 2142,wa.me,Solo link de WhatsApp en perfil.,Sitio web estructurado como embudo de ventas conectado a WhatsApp para perfilar el interés antes del contacto.,Belleza y Estética
Lavandería Xcanatún,999 183 3805,wa.me,Solo link de WhatsApp en perfil.,Sitio web estructurado como embudo de ventas conectado a WhatsApp para perfilar el interés antes del contacto.,Comercio Local (Retail / Servicios)
Ferretería Obregón Familiar,999 644 4319,Ninguna,No tiene sitio web propio ni redes optimizadas.,Catálogo de servicios y precios en web propia para facilitar la decisión de compra sin necesidad de contacto inicial.,Comercio Local (Retail / Servicios)
Boutique Mendoza Center,999 326 6879,blogspot.com / wixsite,Dominio gratuito o en plataforma de terceros no optimizada.,Migrar a una web moderna con dominio propio (.com o .mx) y diseño responsive para aumentar dramáticamente la autoridad percibida.,Comercio Local (Retail / Servicios)
Gimnasio Caucel,999 224 1655,Ninguna,No tiene sitio web propio ni redes optimizadas.,Catálogo de servicios y precios en web propia para facilitar la decisión de compra sin necesidad de contacto inicial.,Fitness y Deportes
Veterinaria López,999 605 8246,Ninguna,Sin sitio web (presencia basada solo en Maps).,Una Landing Page con SEO local permitiría captar tráfico orgánico de búsquedas en zonas aledañas y aumentar las conversiones.,Mascotas y Veterinaria
Materiales Peninsular Pro,999 211 3681,Ninguna,No tiene sitio web propio ni redes optimizadas.,Catálogo de servicios y precios en web propia para facilitar la decisión de compra sin necesidad de contacto inicial.,Comercio Local (Retail / Servicios)
Boutique Pensiones,999 270 3084,blogspot.com / wixsite,Dominio gratuito o en plataforma de terceros no optimizada.,Migrar a una web moderna con dominio propio (.com o .mx) y diseño responsive para aumentar dramáticamente la autoridad percibida.,Comercio Local (Retail / Servicios)
Restaurante Montejo Avenida,999 737 8318,blogspot.com / wixsite,Dominio gratuito o en plataforma de terceros no optimizada.,Migrar a una web moderna con dominio propio (.com o .mx) y diseño responsive para aumentar dramáticamente la autoridad percibida.,Alimentos y Bebidas
Copias Rivera,999 257 9052,Ninguna,Sin sitio web ni sistema de reservas.,Agenda online interactiva 24/7 para permitir citas fuera de horario y reducir carga telefónica.,Comercio Local (Retail / Servicios)
Tintorería Salazar,999 791 4980,wa.me,Solo link de WhatsApp en perfil.,Sitio web estructurado como embudo de ventas conectado a WhatsApp para perfilar el interés antes del contacto.,Comercio Local (Retail / Servicios)
Veterinaria Medina del Parque,999 549 9364,wa.me,Solo link de WhatsApp en perfil.,Sitio web estructurado como embudo de ventas conectado a WhatsApp para perfilar el interés antes del contacto.,Mascotas y Veterinaria
Ferretería Norte,999 994 1631,facebook.com,Solo página de Facebook desactualizada.,Web propia con botón directo a WhatsApp y mapa interactivo para captar clientes que hoy se perdían en distracciones de redes.,Comercio Local (Retail / Servicios)
Estética Peninsular,999 270 1940,blogspot.com / wixsite,Dominio gratuito o en plataforma de terceros no optimizada.,Migrar a una web moderna con dominio propio (.com o .mx) y diseño responsive para aumentar dramáticamente la autoridad percibida.,Belleza y Estética
Mecánica San José,999 202 3063,facebook.com,Solo página de Facebook desactualizada.,Web propia con botón directo a WhatsApp y mapa interactivo para captar clientes que hoy se perdían en distracciones de redes.,Automotriz
Materiales Morales Familiar,999 798 5514,Ninguna,Reseñas variables y falta de sitio web que dé confianza.,Una web profesional y herramientas de atención automática mejorarían la percepción de servicio y ayudarían a captar mejores testimonios.,Comercio Local (Retail / Servicios)
Taller Centro,999 682 4680,Ninguna,Sin sitio web ni sistema de reservas.,Agenda online interactiva 24/7 para permitir citas fuera de horario y reducir carga telefónica.,Automotriz
Salón de Belleza Uicab,999 875 1805,Ninguna,Sin sitio web ni sistema de reservas.,Agenda online interactiva 24/7 para permitir citas fuera de horario y reducir carga telefónica.,Belleza y Estética
Pizzería Xcanatún del Parque,999 803 6062,instagram.com,Solo página de Instagram sin enlaces de reserva.,Portafolio de trabajos y agenda online en web propia para proyectar mayor nivel y automatizar las reservas de citas directas.,Alimentos y Bebidas
Farmacia Cruz,999 331 9066,Ninguna,No tiene sitio web propio ni redes optimizadas.,Catálogo de servicios y precios en web propia para facilitar la decisión de compra sin necesidad de contacto inicial.,Salud y Medicina
Taller Itzimná,999 303 2946,blogspot.com / wixsite,Dominio gratuito o en plataforma de terceros no optimizada.,Migrar a una web moderna con dominio propio (.com o .mx) y diseño responsive para aumentar dramáticamente la autoridad percibida.,Automotriz
Ferretería Álvarez Plus,999 657 6408,blogspot.com / wixsite,Dominio gratuito o en plataforma de terceros no optimizada.,Migrar a una web moderna con dominio propio (.com o .mx) y diseño responsive para aumentar dramáticamente la autoridad percibida.,Comercio Local (Retail / Servicios)
Papelería Oriente Express,999 435 2597,Ninguna,Sin sitio web ni sistema de reservas.,Agenda online interactiva 24/7 para permitir citas fuera de horario y reducir carga telefónica.,Comercio Local (Retail / Servicios)
Salón de Belleza Hernández,999 639 8924,Ninguna,No tiene sitio web propio ni redes optimizadas.,Catálogo de servicios y precios en web propia para facilitar la decisión de compra sin necesidad de contacto inicial.,Belleza y Estética
Salón de Belleza Ku,999 352 2623,Ninguna,Sin sitio web (presencia basada solo en Maps).,Una Landing Page con SEO local permitiría captar tráfico orgánico de búsquedas en zonas aledañas y aumentar las conversiones.,Belleza y Estética
Crossfit Puc,999 206 7641,Ninguna,Sin sitio web (presencia basada solo en Maps).,Una Landing Page con SEO local permitiría captar tráfico orgánico de búsquedas en zonas aledañas y aumentar las conversiones.,Fitness y Deportes
Ropa Obregón,999 584 5348,blogspot.com / wixsite,Dominio gratuito o en plataforma de terceros no optimizada.,Migrar a una web moderna con dominio propio (.com o .mx) y diseño responsive para aumentar dramáticamente la autoridad percibida.,Comercio Local (Retail / Servicios)
Mecánica Caucel,999 474 2179,facebook.com,Solo página de Facebook desactualizada.,Web propia con botón directo a WhatsApp y mapa interactivo para captar clientes que hoy se perdían en distracciones de redes.,Automotriz
Cafetería Méndez,999 506 7327,blogspot.com / wixsite,Dominio gratuito o en plataforma de terceros no optimizada.,Migrar a una web moderna con dominio propio (.com o .mx) y diseño responsive para aumentar dramáticamente la autoridad percibida.,Alimentos y Bebidas
Taquería Hernández,999 240 8996,blogspot.com / wixsite,Dominio gratuito o en plataforma de terceros no optimizada.,Migrar a una web moderna con dominio propio (.com o .mx) y diseño responsive para aumentar dramáticamente la autoridad percibida.,Alimentos y Bebidas
Clínica Pérez,999 341 7693,Ninguna,Sin sitio web (presencia basada solo en Maps).,Una Landing Page con SEO local permitiría captar tráfico orgánico de búsquedas en zonas aledañas y aumentar las conversiones.,Salud y Medicina
Pizzería Álvarez,999 356 3853,Ninguna,Sin sitio web ni sistema de reservas.,Agenda online interactiva 24/7 para permitir citas fuera de horario y reducir carga telefónica.,Alimentos y Bebidas
Zapatería Balam,999 208 8761,Ninguna,Sin sitio web ni sistema de reservas.,Agenda online interactiva 24/7 para permitir citas fuera de horario y reducir carga telefónica.,Comercio Local (Retail / Servicios)
Barbería Juárez,999 559 6480,Ninguna,Sin sitio web (presencia basada solo en Maps).,Una Landing Page con SEO local permitiría captar tráfico orgánico de búsquedas en zonas aledañas y aumentar las conversiones.,Belleza y Estética
Automotriz Chávez Familiar,999 888 6847,Ninguna,Sin sitio web ni sistema de reservas.,Agenda online interactiva 24/7 para permitir citas fuera de horario y reducir carga telefónica.,Automotriz
Cafetería San José,999 567 5104,instagram.com,Solo página de Instagram sin enlaces de reserva.,Portafolio de trabajos y agenda online en web propia para proyectar mayor nivel y automatizar las reservas de citas directas.,Alimentos y Bebidas
Ferretería Ortiz Plus,999 558 4931,wa.me,Solo link de WhatsApp en perfil.,Sitio web estructurado como embudo de ventas conectado a WhatsApp para perfilar el interés antes del contacto.,Comercio Local (Retail / Servicios)
Salón de Belleza Chi,999 570 9462,Ninguna,Sin sitio web (presencia basada solo en Maps).,Una Landing Page con SEO local permitiría captar tráfico orgánico de búsquedas en zonas aledañas y aumentar las conversiones.,Belleza y Estética
Zapatería Guzmán Premium,999 800 4973,facebook.com,Solo página de Facebook desactualizada.,Web propia con botón directo a WhatsApp y mapa interactivo para captar clientes que hoy se perdían en distracciones de redes.,Comercio Local (Retail / Servicios)
Restaurante Sur,999 653 3849,Ninguna,No tiene sitio web propio ni redes optimizadas.,Catálogo de servicios y precios en web propia para facilitar la decisión de compra sin necesidad de contacto inicial.,Alimentos y Bebidas
Clínica Sur del Parque,999 843 9389,Ninguna,Sin sitio web (presencia basada solo en Maps).,Una Landing Page con SEO local permitiría captar tráfico orgánico de búsquedas en zonas aledañas y aumentar las conversiones.,Salud y Medicina
Asadero Reyes,999 273 3348,Ninguna,No tiene sitio web propio ni redes optimizadas.,Catálogo de servicios y precios en web propia para facilitar la decisión de compra sin necesidad de contacto inicial.,Alimentos y Bebidas
Consultorio Uicab Studio,999 240 6693,facebook.com,Solo página de Facebook desactualizada.,Web propia con botón directo a WhatsApp y mapa interactivo para captar clientes que hoy se perdían en distracciones de redes.,Salud y Medicina
Ferretería Sur Studio,999 755 4000,blogspot.com / wixsite,Dominio gratuito o en plataforma de terceros no optimizada.,Migrar a una web moderna con dominio propio (.com o .mx) y diseño responsive para aumentar dramáticamente la autoridad percibida.,Comercio Local (Retail / Servicios)
Centro Médico Morales 24/7,999 612 4418,wa.me,Solo link de WhatsApp en perfil.,Sitio web estructurado como embudo de ventas conectado a WhatsApp para perfilar el interés antes del contacto.,Salud y Medicina
Boutique Madero,999 730 5306,facebook.com,Solo página de Facebook desactualizada.,Web propia con botón directo a WhatsApp y mapa interactivo para captar clientes que hoy se perdían en distracciones de redes.,Comercio Local (Retail / Servicios)
Clínica Centro,999 769 2742,blogspot.com / wixsite,Dominio gratuito o en plataforma de terceros no optimizada.,Migrar a una web moderna con dominio propio (.com o .mx) y diseño responsive para aumentar dramáticamente la autoridad percibida.,Salud y Medicina
Pet Shop San Ramón,999 640 8409,Ninguna,Sin sitio web (presencia basada solo en Maps).,Una Landing Page con SEO local permitiría captar tráfico orgánico de búsquedas en zonas aledañas y aumentar las conversiones.,Mascotas y Veterinaria
Cafetería Juárez Express,999 109 3135,blogspot.com / wixsite,Dominio gratuito o en plataforma de terceros no optimizada.,Migrar a una web moderna con dominio propio (.com o .mx) y diseño responsive para aumentar dramáticamente la autoridad percibida.,Alimentos y Bebidas
Pet Shop Campestre,999 787 2521,blogspot.com / wixsite,Dominio gratuito o en plataforma de terceros no optimizada.,Migrar a una web moderna con dominio propio (.com o .mx) y diseño responsive para aumentar dramáticamente la autoridad percibida.,Mascotas y Veterinaria
Ferretería Romero,999 590 9092,Ninguna,Reseñas variables y falta de sitio web que dé confianza.,Una web profesional y herramientas de atención automática mejorarían la percepción de servicio y ayudarían a captar mejores testimonios.,Comercio Local (Retail / Servicios)
Asadero Cen,999 719 6615,Ninguna,Sin sitio web (presencia basada solo en Maps).,Una Landing Page con SEO local permitiría captar tráfico orgánico de búsquedas en zonas aledañas y aumentar las conversiones.,Alimentos y Bebidas
Ferretería Montejo,999 299 9030,Ninguna,Sin sitio web ni sistema de reservas.,Agenda online interactiva 24/7 para permitir citas fuera de horario y reducir carga telefónica.,Comercio Local (Retail / Servicios)
Farmacia Norte Center,999 969 4503,Ninguna,No tiene sitio web propio ni redes optimizadas.,Catálogo de servicios y precios en web propia para facilitar la decisión de compra sin necesidad de contacto inicial.,Salud y Medicina
Ferretería Rivera,999 831 9582,instagram.com,Solo página de Instagram sin enlaces de reserva.,Portafolio de trabajos y agenda online en web propia para proyectar mayor nivel y automatizar las reservas de citas directas.,Comercio Local (Retail / Servicios)
Dental Gómez y Asociados,999 522 6840,wa.me,Solo link de WhatsApp en perfil.,Sitio web estructurado como embudo de ventas conectado a WhatsApp para perfilar el interés antes del contacto.,Salud y Medicina
Salón de Belleza Campestre,999 711 5430,instagram.com,Solo página de Instagram sin enlaces de reserva.,Portafolio de trabajos y agenda online en web propia para proyectar mayor nivel y automatizar las reservas de citas directas.,Belleza y Estética
Barbería Gutiérrez,999 681 8451,Ninguna,Sin sitio web (presencia basada solo en Maps).,Una Landing Page con SEO local permitiría captar tráfico orgánico de búsquedas en zonas aledañas y aumentar las conversiones.,Belleza y Estética
Ropa Alonso Express,999 819 2140,Ninguna,Sin sitio web ni sistema de reservas.,Agenda online interactiva 24/7 para permitir citas fuera de horario y reducir carga telefónica.,Comercio Local (Retail / Servicios)
Taquería Cen y Asociados,999 169 7370,Ninguna,Sin sitio web ni sistema de reservas.,Agenda online interactiva 24/7 para permitir citas fuera de horario y reducir carga telefónica.,Alimentos y Bebidas
Salón de Belleza Jiménez Hermanos,999 342 7760,instagram.com,Solo página de Instagram sin enlaces de reserva.,Portafolio de trabajos y agenda online en web propia para proyectar mayor nivel y automatizar las reservas de citas directas.,Belleza y Estética
Copias Canto Premium,999 554 6014,Ninguna,Sin sitio web (presencia basada solo en Maps).,Una Landing Page con SEO local permitiría captar tráfico orgánico de búsquedas en zonas aledañas y aumentar las conversiones.,Comercio Local (Retail / Servicios)
Pet Shop Gutiérrez del Parque,999 183 1811,facebook.com,Solo página de Facebook desactualizada.,Web propia con botón directo a WhatsApp y mapa interactivo para captar clientes que hoy se perdían en distracciones de redes.,Mascotas y Veterinaria
Barbería García 24/7,999 675 5222,Ninguna,Sin sitio web (presencia basada solo en Maps).,Una Landing Page con SEO local permitiría captar tráfico orgánico de búsquedas en zonas aledañas y aumentar las conversiones.,Belleza y Estética
Restaurante Rodríguez Familiar,999 807 1399,wa.me,Solo link de WhatsApp en perfil.,Sitio web estructurado como embudo de ventas conectado a WhatsApp para perfilar el interés antes del contacto.,Alimentos y Bebidas
Pet Shop Salazar,999 840 6337,Ninguna,No tiene sitio web propio ni redes optimizadas.,Catálogo de servicios y precios en web propia para facilitar la decisión de compra sin necesidad de contacto inicial.,Mascotas y Veterinaria
Fitness Temozón,999 554 8031,Ninguna,Reseñas variables y falta de sitio web que dé confianza.,Una web profesional y herramientas de atención automática mejorarían la percepción de servicio y ayudarían a captar mejores testimonios.,Fitness y Deportes
Barbería Fernández,999 719 4601,Ninguna,No tiene sitio web propio ni redes optimizadas.,Catálogo de servicios y precios en web propia para facilitar la decisión de compra sin necesidad de contacto inicial.,Belleza y Estética
Taller Sánchez,999 686 7111,blogspot.com / wixsite,Dominio gratuito o en plataforma de terceros no optimizada.,Migrar a una web moderna con dominio propio (.com o .mx) y diseño responsive para aumentar dramáticamente la autoridad percibida.,Automotriz
Mecánica Canto,999 332 6800,instagram.com,Solo página de Instagram sin enlaces de reserva.,Portafolio de trabajos y agenda online en web propia para proyectar mayor nivel y automatizar las reservas de citas directas.,Automotriz
Carnicería Gómez Studio,999 915 5488,blogspot.com / wixsite,Dominio gratuito o en plataforma de terceros no optimizada.,Migrar a una web moderna con dominio propio (.com o .mx) y diseño responsive para aumentar dramáticamente la autoridad percibida.,Alimentos y Bebidas
Carnicería Castillo,999 961 1831,Ninguna,Sin sitio web (presencia basada solo en Maps).,Una Landing Page con SEO local permitiría captar tráfico orgánico de búsquedas en zonas aledañas y aumentar las conversiones.,Alimentos y Bebidas
Crossfit Chan,999 679 9209,Ninguna,Sin sitio web ni sistema de reservas.,Agenda online interactiva 24/7 para permitir citas fuera de horario y reducir carga telefónica.,Fitness y Deportes
Ropa Vargas,999 382 5935,blogspot.com / wixsite,Dominio gratuito o en plataforma de terceros no optimizada.,Migrar a una web moderna con dominio propio (.com o .mx) y diseño responsive para aumentar dramáticamente la autoridad percibida.,Comercio Local (Retail / Servicios)
Lavandería May Premium,999 975 5729,blogspot.com / wixsite,Dominio gratuito o en plataforma de terceros no optimizada.,Migrar a una web moderna con dominio propio (.com o .mx) y diseño responsive para aumentar dramáticamente la autoridad percibida.,Comercio Local (Retail / Servicios)
Automotriz Herrera Pro,999 997 5005,Ninguna,Reseñas variables y falta de sitio web que dé confianza.,Una web profesional y herramientas de atención automática mejorarían la percepción de servicio y ayudarían a captar mejores testimonios.,Automotriz
Materiales Maya,999 198 5559,Ninguna,No tiene sitio web propio ni redes optimizadas.,Catálogo de servicios y precios en web propia para facilitar la decisión de compra sin necesidad de contacto inicial.,Comercio Local (Retail / Servicios)
Dental Canul,999 863 6176,Ninguna,Reseñas variables y falta de sitio web que dé confianza.,Una web profesional y herramientas de atención automática mejorarían la percepción de servicio y ayudarían a captar mejores testimonios.,Salud y Medicina
Gimnasio Obregón Plus,999 710 7921,Ninguna,No tiene sitio web propio ni redes optimizadas.,Catálogo de servicios y precios en web propia para facilitar la decisión de compra sin necesidad de contacto inicial.,Fitness y Deportes
Tintorería Obregón,999 812 3085,Ninguna,Reseñas variables y falta de sitio web que dé confianza.,Una web profesional y herramientas de atención automática mejorarían la percepción de servicio y ayudarían a captar mejores testimonios.,Comercio Local (Retail / Servicios)
Barbería Díaz del Parque,999 466 2250,Ninguna,Sin sitio web (presencia basada solo en Maps).,Una Landing Page con SEO local permitiría captar tráfico orgánico de búsquedas en zonas aledañas y aumentar las conversiones.,Belleza y Estética
Pet Shop Herrera Express,999 550 6576,Ninguna,No tiene sitio web propio ni redes optimizadas.,Catálogo de servicios y precios en web propia para facilitar la decisión de compra sin necesidad de contacto inicial.,Mascotas y Veterinaria
Farmacia Mérida,999 367 4710,Ninguna,Reseñas variables y falta de sitio web que dé confianza.,Una web profesional y herramientas de atención automática mejorarían la percepción de servicio y ayudarían a captar mejores testimonios.,Salud y Medicina
Dental Puc Pro,999 384 2724,Ninguna,Sin sitio web (presencia basada solo en Maps).,Una Landing Page con SEO local permitiría captar tráfico orgánico de búsquedas en zonas aledañas y aumentar las conversiones.,Salud y Medicina
Veterinaria García,999 643 2420,blogspot.com / wixsite,Dominio gratuito o en plataforma de terceros no optimizada.,Migrar a una web moderna con dominio propio (.com o .mx) y diseño responsive para aumentar dramáticamente la autoridad percibida.,Mascotas y Veterinaria
Estética Mérida,999 491 9137,instagram.com,Solo página de Instagram sin enlaces de reserva.,Portafolio de trabajos y agenda online en web propia para proyectar mayor nivel y automatizar las reservas de citas directas.,Belleza y Estética
Pizzería Mérida Center,999 457 9541,wa.me,Solo link de WhatsApp en perfil.,Sitio web estructurado como embudo de ventas conectado a WhatsApp para perfilar el interés antes del contacto.,Alimentos y Bebidas
Automotriz May,999 273 4703,Ninguna,Sin sitio web (presencia basada solo en Maps).,Una Landing Page con SEO local permitiría captar tráfico orgánico de búsquedas en zonas aledañas y aumentar las conversiones.,Automotriz
Copias Tun Hermanos,999 186 6202,Ninguna,No tiene sitio web propio ni redes optimizadas.,Catálogo de servicios y precios en web propia para facilitar la decisión de compra sin necesidad de contacto inicial.,Comercio Local (Retail / Servicios)
Restaurante Juárez,999 248 5507,blogspot.com / wixsite,Dominio gratuito o en plataforma de terceros no optimizada.,Migrar a una web moderna con dominio propio (.com o .mx) y diseño responsive para aumentar dramáticamente la autoridad percibida.,Alimentos y Bebidas
Estética Rivera,999 292 1194,blogspot.com / wixsite,Dominio gratuito o en plataforma de terceros no optimizada.,Migrar a una web moderna con dominio propio (.com o .mx) y diseño responsive para aumentar dramáticamente la autoridad percibida.,Belleza y Estética
Mecánica Aguilar Center,999 136 5231,Ninguna,Sin sitio web ni sistema de reservas.,Agenda online interactiva 24/7 para permitir citas fuera de horario y reducir carga telefónica.,Automotriz
Pizzería Martínez,999 690 3772,Ninguna,Sin sitio web ni sistema de reservas.,Agenda online interactiva 24/7 para permitir citas fuera de horario y reducir carga telefónica.,Alimentos y Bebidas
Fitness Reyes Familiar,999 190 7061,blogspot.com / wixsite,Dominio gratuito o en plataforma de terceros no optimizada.,Migrar a una web moderna con dominio propio (.com o .mx) y diseño responsive para aumentar dramáticamente la autoridad percibida.,Fitness y Deportes
Taquería Mendoza,999 838 2295,facebook.com,Solo página de Facebook desactualizada.,Web propia con botón directo a WhatsApp y mapa interactivo para captar clientes que hoy se perdían en distracciones de redes.,Alimentos y Bebidas
Gimnasio Treviño,999 325 5721,wa.me,Solo link de WhatsApp en perfil.,Sitio web estructurado como embudo de ventas conectado a WhatsApp para perfilar el interés antes del contacto.,Fitness y Deportes
Pizzería Conkal,999 492 1038,blogspot.com / wixsite,Dominio gratuito o en plataforma de terceros no optimizada.,Migrar a una web moderna con dominio propio (.com o .mx) y diseño responsive para aumentar dramáticamente la autoridad percibida.,Alimentos y Bebidas
Copias Norte Express,999 313 1925,Ninguna,No tiene sitio web propio ni redes optimizadas.,Catálogo de servicios y precios en web propia para facilitar la decisión de compra sin necesidad de contacto inicial.,Comercio Local (Retail / Servicios)
Centro Médico Maya 24/7,999 454 8733,Ninguna,Reseñas variables y falta de sitio web que dé confianza.,Una web profesional y herramientas de atención automática mejorarían la percepción de servicio y ayudarían a captar mejores testimonios.,Salud y Medicina
Consultorio Xcanatún,999 701 5961,Ninguna,Reseñas variables y falta de sitio web que dé confianza.,Una web profesional y herramientas de atención automática mejorarían la percepción de servicio y ayudarían a captar mejores testimonios.,Salud y Medicina
Ropa Pensiones,999 252 2258,blogspot.com / wixsite,Dominio gratuito o en plataforma de terceros no optimizada.,Migrar a una web moderna con dominio propio (.com o .mx) y diseño responsive para aumentar dramáticamente la autoridad percibida.,Comercio Local (Retail / Servicios)
Restaurante Altabrisa,999 452 1578,Ninguna,No tiene sitio web propio ni redes optimizadas.,Catálogo de servicios y precios en web propia para facilitar la decisión de compra sin necesidad de contacto inicial.,Alimentos y Bebidas
Veterinaria Herrera Express,999 183 7926,instagram.com,Solo página de Instagram sin enlaces de reserva.,Portafolio de trabajos y agenda online en web propia para proyectar mayor nivel y automatizar las reservas de citas directas.,Mascotas y Veterinaria
Lavandería Gómez Premium,999 787 7946,Ninguna,Reseñas variables y falta de sitio web que dé confianza.,Una web profesional y herramientas de atención automática mejorarían la percepción de servicio y ayudarían a captar mejores testimonios.,Comercio Local (Retail / Servicios)
Materiales Ramírez,999 888 2108,Ninguna,Sin sitio web ni sistema de reservas.,Agenda online interactiva 24/7 para permitir citas fuera de horario y reducir carga telefónica.,Comercio Local (Retail / Servicios)
Farmacia Hidalgo,999 204 2629,instagram.com,Solo página de Instagram sin enlaces de reserva.,Portafolio de trabajos y agenda online en web propia para proyectar mayor nivel y automatizar las reservas de citas directas.,Salud y Medicina
Hamburguesas Treviño,999 267 9551,instagram.com,Solo página de Instagram sin enlaces de reserva.,Portafolio de trabajos y agenda online en web propia para proyectar mayor nivel y automatizar las reservas de citas directas.,Alimentos y Bebidas
Asadero Méndez Center,999 973 6850,Ninguna,Sin sitio web ni sistema de reservas.,Agenda online interactiva 24/7 para permitir citas fuera de horario y reducir carga telefónica.,Alimentos y Bebidas
Papelería Dzib Express,999 712 7950,Ninguna,Sin sitio web ni sistema de reservas.,Agenda online interactiva 24/7 para permitir citas fuera de horario y reducir carga telefónica.,Comercio Local (Retail / Servicios)
Pet Shop Méndez Center,999 455 6460,instagram.com,Solo página de Instagram sin enlaces de reserva.,Portafolio de trabajos y agenda online en web propia para proyectar mayor nivel y automatizar las reservas de citas directas.,Mascotas y Veterinaria
Fitness Centro Plus,999 407 7452,Ninguna,No tiene sitio web propio ni redes optimizadas.,Catálogo de servicios y precios en web propia para facilitar la decisión de compra sin necesidad de contacto inicial.,Fitness y Deportes
Carnicería Maya Studio,999 469 1815,instagram.com,Solo página de Instagram sin enlaces de reserva.,Portafolio de trabajos y agenda online en web propia para proyectar mayor nivel y automatizar las reservas de citas directas.,Alimentos y Bebidas
Pet Shop Conkal,999 443 5608,Ninguna,No tiene sitio web propio ni redes optimizadas.,Catálogo de servicios y precios en web propia para facilitar la decisión de compra sin necesidad de contacto inicial.,Mascotas y Veterinaria
Gimnasio Chi,999 154 5634,blogspot.com / wixsite,Dominio gratuito o en plataforma de terceros no optimizada.,Migrar a una web moderna con dominio propio (.com o .mx) y diseño responsive para aumentar dramáticamente la autoridad percibida.,Fitness y Deportes
Copias Ramírez,999 509 5613,Ninguna,No tiene sitio web propio ni redes optimizadas.,Catálogo de servicios y precios en web propia para facilitar la decisión de compra sin necesidad de contacto inicial.,Comercio Local (Retail / Servicios)
Papelería Reyes Express,999 254 1915,Ninguna,No tiene sitio web propio ni redes optimizadas.,Catálogo de servicios y precios en web propia para facilitar la decisión de compra sin necesidad de contacto inicial.,Comercio Local (Retail / Servicios)
Cafetería Chi Pro,999 316 1685,facebook.com,Solo página de Facebook desactualizada.,Web propia con botón directo a WhatsApp y mapa interactivo para captar clientes que hoy se perdían en distracciones de redes.,Alimentos y Bebidas
Centro Médico Progreso Studio,999 314 2943,facebook.com,Solo página de Facebook desactualizada.,Web propia con botón directo a WhatsApp y mapa interactivo para captar clientes que hoy se perdían en distracciones de redes.,Salud y Medicina
Zapatería Puc Familiar,999 700 4632,Ninguna,Sin sitio web (presencia basada solo en Maps).,Una Landing Page con SEO local permitiría captar tráfico orgánico de búsquedas en zonas aledañas y aumentar las conversiones.,Comercio Local (Retail / Servicios)
Pet Shop García,999 840 5828,instagram.com,Solo página de Instagram sin enlaces de reserva.,Portafolio de trabajos y agenda online en web propia para proyectar mayor nivel y automatizar las reservas de citas directas.,Mascotas y Veterinaria
Pet Shop Moreno,999 110 3947,Ninguna,No tiene sitio web propio ni redes optimizadas.,Catálogo de servicios y precios en web propia para facilitar la decisión de compra sin necesidad de contacto inicial.,Mascotas y Veterinaria
Ferretería Canul Avenida,999 137 6716,instagram.com,Solo página de Instagram sin enlaces de reserva.,Portafolio de trabajos y agenda online en web propia para proyectar mayor nivel y automatizar las reservas de citas directas.,Comercio Local (Retail / Servicios)
Ferretería Chi,999 970 7421,Ninguna,Sin sitio web ni sistema de reservas.,Agenda online interactiva 24/7 para permitir citas fuera de horario y reducir carga telefónica.,Comercio Local (Retail / Servicios)
Estética Cholul,999 533 8786,wa.me,Solo link de WhatsApp en perfil.,Sitio web estructurado como embudo de ventas conectado a WhatsApp para perfilar el interés antes del contacto.,Belleza y Estética
Asadero San José Plus,999 990 6458,Ninguna,Reseñas variables y falta de sitio web que dé confianza.,Una web profesional y herramientas de atención automática mejorarían la percepción de servicio y ayudarían a captar mejores testimonios.,Alimentos y Bebidas
Materiales Campestre,999 196 1595,wa.me,Solo link de WhatsApp en perfil.,Sitio web estructurado como embudo de ventas conectado a WhatsApp para perfilar el interés antes del contacto.,Comercio Local (Retail / Servicios)
Papelería Chi 24/7,999 661 3063,Ninguna,Sin sitio web ni sistema de reservas.,Agenda online interactiva 24/7 para permitir citas fuera de horario y reducir carga telefónica.,Comercio Local (Retail / Servicios)
Carnicería Altabrisa 24/7,999 704 6986,blogspot.com / wixsite,Dominio gratuito o en plataforma de terceros no optimizada.,Migrar a una web moderna con dominio propio (.com o .mx) y diseño responsive para aumentar dramáticamente la autoridad percibida.,Alimentos y Bebidas
Mecánica Peninsular,999 428 5675,blogspot.com / wixsite,Dominio gratuito o en plataforma de terceros no optimizada.,Migrar a una web moderna con dominio propio (.com o .mx) y diseño responsive para aumentar dramáticamente la autoridad percibida.,Automotriz
Taquería Dzib,999 582 6566,Ninguna,Sin sitio web ni sistema de reservas.,Agenda online interactiva 24/7 para permitir citas fuera de horario y reducir carga telefónica.,Alimentos y Bebidas
Clínica Chan,999 962 1578,Ninguna,Sin sitio web (presencia basada solo en Maps).,Una Landing Page con SEO local permitiría captar tráfico orgánico de búsquedas en zonas aledañas y aumentar las conversiones.,Salud y Medicina
Mecánica La Esperanza Plaza,999 582 4013,Ninguna,Sin sitio web ni sistema de reservas.,Agenda online interactiva 24/7 para permitir citas fuera de horario y reducir carga telefónica.,Automotriz
Restaurante Canul y Asociados,999 156 3862,Ninguna,No tiene sitio web propio ni redes optimizadas.,Catálogo de servicios y precios en web propia para facilitar la decisión de compra sin necesidad de contacto inicial.,Alimentos y Bebidas
Carnicería Pech Plaza,999 152 1087,facebook.com,Solo página de Facebook desactualizada.,Web propia con botón directo a WhatsApp y mapa interactivo para captar clientes que hoy se perdían en distracciones de redes.,Alimentos y Bebidas
Farmacia Sánchez,999 473 8534,Ninguna,Sin sitio web (presencia basada solo en Maps).,Una Landing Page con SEO local permitiría captar tráfico orgánico de búsquedas en zonas aledañas y aumentar las conversiones.,Salud y Medicina
Pizzería Garza Avenida,999 285 7220,Ninguna,Sin sitio web ni sistema de reservas.,Agenda online interactiva 24/7 para permitir citas fuera de horario y reducir carga telefónica.,Alimentos y Bebidas
